District,DistrictC,Subject,M+E #,M+E %,E #,E %,M #,M %,PM #,PM %,NM #,NM %,No. of Students Included,Part. Rate %,Avg. Scaled Score,SGP,Included In SGP
Abby Kelley Foster Charter Public (District),4450000,ELA,258,37,22,3,236,34,324,47,112,16,694,99,492,32,449
Abby Kelley Foster Charter Public (District),4450000,MATH,109,16,4,1,105,15,398,57,187,27,694,99,480,22,449
Abby Kelley Foster Charter Public (District),4450000,SCI,59,27,6,3,53,25,118,55,38,18,215,100,489,,
Abington,10000,ELA,479,53,85,9,394,44,300,33,122,14,901,95,500,39,546
Abington,10000,MATH,294,33,36,4,258,29,453,51,147,16,894,94,490,25,538
Abington,10000,SCI,121,43,18,6,103,37,131,47,28,10,280,94,497,,
Academy Of the Pacific Rim Charter Public (District),4120000,ELA,65,25,4,2,61,23,120,46,76,29,261,96,483,31,245
Academy Of the Pacific Rim Charter Public (District),4120000,MATH,26,10,1,0,25,9,146,55,92,35,264,97,477,24,249
Academy Of the Pacific Rim Charter Public (District),4120000,SCI,12,13,0,0,12,13,49,53,31,34,92,89,478,,
Acton-Boxborough,6000000,ELA,1636,69,388,16,1248,53,618,26,119,5,2373,97,510,43,1486
Acton-Boxborough,6000000,MATH,1553,65,386,16,1167,49,668,28,152,6,2373,97,508,53,1483
Acton-Boxborough,6000000,SCI,496,67,146,20,350,48,204,28,35,5,735,97,510,,
Acushnet,30000,ELA,298,51,55,9,243,42,219,38,67,11,584,98,501,35,372
Acushnet,30000,MATH,245,42,27,5,218,37,267,46,71,12,583,98,496,32,375
Acushnet,30000,SCI,80,39,10,5,70,34,85,42,38,19,203,99,494,,
Advanced Math and Science Academy Charter (District),4300000,ELA,232,65,46,13,186,52,114,32,12,3,358,96,509,41,311
Advanced Math and Science Academy Charter (District),4300000,MATH,183,51,53,15,130,36,150,41,29,8,362,97,503,33,316
Advanced Math and Science Academy Charter (District),4300000,SCI,48,64,3,4,45,60,26,35,1,1,75,96,506,,
Agawam,50000,ELA,567,43,67,5,500,38,579,44,171,13,1317,83,496,32,776
Agawam,50000,MATH,442,34,52,4,390,30,642,49,231,18,1315,83,491,27,775
Agawam,50000,SCI,156,44,16,5,140,40,148,42,50,14,354,71,496,,
Alma del Mar Charter School (District),4090000,ELA,208,43,23,5,185,38,202,42,74,15,484,99,494,31,307
Alma del Mar Charter School (District),4090000,MATH,106,22,6,1,100,21,255,53,123,25,484,99,483,15,307
Alma del Mar Charter School (District),4090000,SCI,18,20,1,1,17,19,47,53,23,26,88,100,482,,
Amesbury,70000,ELA,411,48,70,8,341,40,306,36,135,16,852,95,497,36,549
Amesbury,70000,MATH,259,31,18,2,241,29,409,48,177,21,845,94,489,31,543
Amesbury,70000,SCI,123,44,17,6,106,38,112,40,43,15,278,96,496,,
Amherst,80000,ELA,197,58,44,13,153,45,105,31,39,11,341,61,503,41,139
Amherst,80000,MATH,140,41,15,4,125,37,122,36,80,23,342,60,492,36,140
Amherst,80000,SCI,44,46,5,5,39,41,33,35,18,19,95,63,497,,
Amherst-Pelham,6050000,ELA,61,64,10,11,51,54,20,21,14,15,95,23,506,45,79
Amherst-Pelham,6050000,MATH,58,54,11,10,47,44,35,33,14,13,107,26,504,33,91
Amherst-Pelham,6050000,SCI,27,68,6,15,21,53,8,20,5,13,40,20,510,,
Andover,90000,ELA,1704,65,426,16,1278,48,768,29,165,6,2637,99,508,40,1675
Andover,90000,MATH,1517,57,336,13,1181,45,906,34,218,8,2641,99,504,42,1680
Andover,90000,SCI,547,63,132,15,415,48,263,30,53,6,863,99,507,,
Argosy Collegiate Charter School (District),35090000,ELA,57,18,2,1,55,18,160,51,95,30,312,96,481,21,285
Argosy Collegiate Charter School (District),35090000,MATH,41,13,1,0,40,13,175,56,98,31,314,97,479,18,286
Argosy Collegiate Charter School (District),35090000,SCI,9,14,1,2,8,13,36,56,19,30,64,96,481,,
Arlington,100000,ELA,1895,71,492,19,1403,53,631,24,127,5,2653,95,511,49,1621
Arlington,100000,MATH,1572,59,282,11,1290,49,905,34,171,6,2648,95,504,42,1622
Arlington,100000,SCI,521,69,136,18,385,51,186,25,49,6,756,96,510,,
Ashburnham-Westminster,6100000,ELA,551,52,60,6,491,47,434,41,70,7,1055,99,501,46,695
Ashburnham-Westminster,6100000,MATH,358,34,14,1,344,33,570,54,126,12,1054,98,492,34,695
Ashburnham-Westminster,6100000,SCI,150,44,13,4,137,40,175,51,15,4,340,98,498,,
Ashland,140000,ELA,740,58,156,12,584,46,406,32,134,10,1280,98,503,44,789
Ashland,140000,MATH,621,48,118,9,503,39,476,37,184,14,1281,98,498,44,789
Ashland,140000,SCI,224,55,42,10,182,45,134,33,49,12,407,97,501,,
Athol-Royalston,6150000,ELA,230,32,25,4,205,29,314,44,168,24,712,97,488,31,417
Athol-Royalston,6150000,MATH,157,22,14,2,143,20,361,50,198,28,716,97,483,29,419
Athol-Royalston,6150000,SCI,65,32,10,5,55,27,92,46,44,22,201,96,490,,
Atlantis Charter (District),4910000,ELA,257,39,32,5,225,34,293,45,103,16,653,100,493,31,426
Atlantis Charter (District),4910000,MATH,154,24,5,1,149,23,355,54,144,22,653,100,485,25,426
Atlantis Charter (District),4910000,SCI,56,29,5,3,51,26,101,52,37,19,194,100,488,,
Attleboro,160000,ELA,1134,44,143,6,991,38,1082,42,373,14,2589,98,496,33,1612
Attleboro,160000,MATH,840,32,77,3,763,29,1245,48,504,19,2589,98,490,30,1613
Attleboro,160000,SCI,329,39,48,6,281,33,370,44,140,17,839,98,494,,
Auburn,170000,ELA,596,52,104,9,492,43,439,38,122,11,1157,97,501,32,760
Auburn,170000,MATH,475,41,55,5,420,36,528,46,155,13,1158,97,495,32,760
Auburn,170000,SCI,192,52,35,10,157,43,138,38,36,10,366,97,502,,
Avon,180000,ELA,155,46,19,6,136,40,136,40,47,14,338,97,497,39,216
Avon,180000,MATH,77,23,7,2,70,21,179,53,83,24,339,98,485,36,216
Avon,180000,SCI,41,37,1,1,40,36,53,47,18,16,112,96,491,,
Ayer Shirley School District,6160000,ELA,355,46,44,6,311,40,334,43,82,11,771,95,497,37,482
Ayer Shirley School District,6160000,MATH,216,28,21,3,195,25,428,56,126,16,770,95,489,28,483
Ayer Shirley School District,6160000,SCI,111,45,13,5,98,40,110,44,27,11,248,94,497,,
Barnstable,200000,ELA,779,40,88,4,691,35,815,41,372,19,1966,91,493,34,1131
Barnstable,200000,MATH,440,22,32,2,408,21,1029,52,493,25,1962,91,484,24,1144
Barnstable,200000,SCI,208,32,26,4,182,28,309,48,125,19,642,92,490,,
Baystate Academy Charter Public School (District),35020000,ELA,44,20,4,2,40,18,95,42,85,38,224,97,479,25,208
Baystate Academy Charter Public School (District),35020000,MATH,13,6,0,0,13,6,120,55,87,40,220,95,473,14,205
Baystate Academy Charter Public School (District),35020000,SCI,4,8,0,0,4,8,31,58,18,34,53,98,477,,
Bedford,230000,ELA,865,72,238,20,627,53,280,23,49,4,1194,98,512,45,742
Bedford,230000,MATH,783,66,186,16,597,50,352,29,59,5,1194,98,509,45,743
Bedford,230000,SCI,242,64,71,19,171,45,126,33,11,3,379,98,509,,
Belchertown,240000,ELA,409,45,49,5,360,40,380,42,113,13,902,90,496,38,584
Belchertown,240000,MATH,291,32,19,2,272,30,477,53,139,15,907,91,490,39,589
Belchertown,240000,SCI,134,46,22,8,112,38,124,42,35,12,293,91,498,,
Bellingham,250000,ELA,370,39,46,5,324,34,448,47,128,14,946,98,495,36,600
Bellingham,250000,MATH,266,28,27,3,239,25,511,54,171,18,948,98,489,33,602
Bellingham,250000,SCI,119,40,13,4,106,35,157,52,24,8,300,95,497,,
Belmont,260000,ELA,1589,76,423,20,1166,56,404,19,100,5,2093,98,513,39,1258
Belmont,260000,MATH,1406,67,382,18,1024,49,578,28,110,5,2094,98,509,34,1258
Belmont,260000,SCI,442,72,134,22,308,50,148,24,28,5,618,98,512,,
Benjamin Banneker Charter Public (District),4200000,ELA,124,71,36,21,88,50,38,22,13,7,175,98,509,42,78
Benjamin Banneker Charter Public (District),4200000,MATH,81,46,10,6,71,41,78,45,16,9,175,98,498,26,78
Benjamin Banneker Charter Public (District),4200000,SCI,30,71,6,14,24,57,10,24,2,5,42,100,508,,
Benjamin Franklin Classical Charter Public (District),4470000,ELA,302,63,45,9,257,54,157,33,18,4,477,98,506,36,279
Benjamin Franklin Classical Charter Public (District),4470000,MATH,246,51,50,10,196,41,195,41,37,8,478,98,502,27,283
Benjamin Franklin Classical Charter Public (District),4470000,SCI,88,63,16,11,72,51,48,34,4,3,140,99,505,,
Berkley,270000,ELA,307,53,59,10,248,43,223,39,45,8,575,99,502,41,382
Berkley,270000,MATH,235,41,31,5,204,36,283,49,56,10,574,99,495,36,380
Berkley,270000,SCI,82,43,8,4,74,39,98,52,9,5,189,99,498,,
Berkshire Arts and Technology Charter Public (District),4140000,ELA,84,47,15,8,69,39,56,32,37,21,177,91,495,38,159
Berkshire Arts and Technology Charter Public (District),4140000,MATH,50,28,3,2,47,26,90,50,39,22,179,92,487,25,160
Berkshire Arts and Technology Charter Public (District),4140000,SCI,19,40,4,8,15,31,21,44,8,17,48,94,496,,
Berkshire Hills,6180000,ELA,189,43,26,6,163,37,188,43,62,14,439,95,496,34,277
Berkshire Hills,6180000,MATH,123,28,5,1,118,27,219,50,99,22,441,95,487,24,279
Berkshire Hills,6180000,SCI,58,35,1,1,57,34,79,48,29,17,166,92,491,,
Berlin-Boylston,6200000,ELA,308,67,67,15,241,52,128,28,26,6,462,98,507,44,295
Berlin-Boylston,6200000,MATH,211,46,27,6,184,40,213,46,38,8,462,98,498,30,293
Berlin-Boylston,6200000,SCI,101,65,32,21,69,45,50,32,4,3,155,97,510,,
Beverly,300000,ELA,1045,50,191,9,854,40,790,37,276,13,2111,98,499,32,1318
Beverly,300000,MATH,755,36,84,4,671,32,996,47,358,17,2109,97,492,24,1320
Beverly,300000,SCI,262,40,43,7,219,34,279,43,106,16,647,96,494,,
Billerica,310000,ELA,1102,49,150,7,952,42,900,40,253,11,2255,99,498,34,1438
Billerica,310000,MATH,740,33,78,3,662,29,1167,52,348,15,2255,99,491,23,1440
Billerica,310000,SCI,303,41,43,6,260,35,345,46,97,13,745,99,495,,
Blackstone-Millville,6220000,ELA,343,45,43,6,300,40,312,41,99,13,754,99,496,36,497
Blackstone-Millville,6220000,MATH,243,32,16,2,227,30,389,52,122,16,754,99,490,34,497
Blackstone-Millville,6220000,SCI,87,36,11,5,76,31,117,48,40,16,244,97,492,,
Boston,350000,ELA,5828,31,885,5,4943,26,7651,41,5220,28,18699,91,487,33,10075
Boston,350000,MATH,3709,20,492,3,3217,17,7759,42,7210,39,18678,91,479,27,10096
Boston,350000,SCI,869,19,119,3,750,16,2025,44,1746,38,4640,87,480,,
Boston Collegiate Charter (District),4490000,ELA,142,37,13,3,129,34,175,46,66,17,383,99,492,33,314
Boston Collegiate Charter (District),4490000,MATH,109,29,9,2,100,26,207,54,66,17,382,99,489,32,312
Boston Collegiate Charter (District),4490000,SCI,48,30,2,1,46,29,90,56,23,14,161,99,490,,
Boston Green Academy Horace Mann Charter School (District),4110000,ELA,19,14,3,2,16,12,69,50,51,37,139,82,478,26,131
Boston Green Academy Horace Mann Charter School (District),4110000,MATH,7,4,0,0,7,4,89,57,60,38,156,91,475,25,145
Boston Green Academy Horace Mann Charter School (District),4110000,SCI,3,9,0,0,3,9,15,45,15,45,33,79,476,,
Boston Preparatory Charter Public (District),4160000,ELA,88,29,13,4,75,25,144,48,70,23,302,97,488,39,281
Boston Preparatory Charter Public (District),4160000,MATH,42,14,2,1,40,13,180,59,83,27,305,98,481,27,283
Boston Preparatory Charter Public (District),4160000,SCI,13,19,2,3,11,16,43,61,14,20,70,95,485,,
Boston Renaissance Charter Public (District),4810000,ELA,110,27,11,3,99,24,211,52,84,21,405,97,487,29,150
Boston Renaissance Charter Public (District),4810000,MATH,50,12,3,1,47,12,179,44,178,44,407,98,474,18,150
Boston Renaissance Charter Public (District),4810000,SCI,20,21,3,3,17,18,37,39,37,39,94,94,480,,
Bourne,360000,ELA,316,39,30,4,286,35,347,43,144,18,807,94,492,30,514
Bourne,360000,MATH,223,27,8,1,215,26,430,53,159,20,812,95,487,30,516
Bourne,360000,SCI,97,35,15,5,82,30,140,51,39,14,276,95,493,,
Boxford,380000,ELA,249,65,41,11,208,54,117,30,19,5,385,99,506,46,190
Boxford,380000,MATH,191,50,20,5,171,44,163,42,31,8,385,99,499,49,190
Boxford,380000,SCI,64,58,7,6,57,51,40,36,7,6,111,100,503,,
Braintree,400000,ELA,1515,59,297,11,1218,47,862,33,207,8,2584,98,504,36,1651
Braintree,400000,MATH,1155,45,148,6,1007,39,1146,44,284,11,2585,98,497,32,1649
Braintree,400000,SCI,428,53,77,10,351,44,292,36,82,10,802,97,501,,
Brewster,410000,ELA,107,54,15,8,92,46,78,39,14,7,199,93,501,32,65
Brewster,410000,MATH,72,36,9,5,63,32,95,48,32,16,199,93,491,27,65
Brewster,410000,SCI,39,55,9,13,30,42,25,35,7,10,71,90,503,,
Bridge Boston Charter School (District),4170000,ELA,45,28,3,2,42,27,82,52,31,20,158,82,487,26,94
Bridge Boston Charter School (District),4170000,MATH,24,15,4,3,20,13,77,49,56,36,157,82,478,29,92
Bridge Boston Charter School (District),4170000,SCI,7,14,0,0,7,14,26,53,16,33,49,89,479,,
Bridgewater-Raynham,6250000,ELA,1227,49,154,6,1073,42,1024,41,277,11,2528,97,498,33,1567
Bridgewater-Raynham,6250000,MATH,1008,40,85,3,923,37,1199,47,318,13,2525,97,494,31,1564
Bridgewater-Raynham,6250000,SCI,362,45,44,6,318,40,329,41,105,13,796,94,496,,
Brimfield,430000,ELA,85,55,13,8,72,47,54,35,15,10,154,97,502,47,74
Brimfield,430000,MATH,81,52,9,6,72,46,56,36,18,12,155,97,500,51,74
Brimfield,430000,SCI,20,63,5,16,15,47,10,31,2,6,32,100,505,,
Brockton,440000,ELA,1470,21,107,2,1363,19,3277,46,2360,33,7107,97,481,35,4132
Brockton,440000,MATH,781,11,43,1,738,10,3102,44,3229,45,7112,97,474,28,4125
Brockton,440000,SCI,348,16,30,1,318,14,991,45,859,39,2198,94,479,,
Brooke Charter School (District),4280000,ELA,588,53,158,14,430,39,428,39,85,8,1101,99,503,40,650
Brooke Charter School (District),4280000,MATH,499,45,51,5,448,41,486,44,113,10,1098,99,497,31,651
Brooke Charter School (District),4280000,SCI,109,41,11,4,98,37,121,45,37,14,267,97,494,,
Brookfield,450000,ELA,87,59,12,8,75,51,45,30,16,11,148,100,501,38,74
Brookfield,450000,MATH,76,51,17,11,59,40,58,39,14,9,148,100,501,56,75
Brookfield,450000,SCI,27,66,8,20,19,46,12,29,2,5,41,100,510,,
Brookline,460000,ELA,2189,72,663,22,1526,50,696,23,163,5,3048,98,512,51,1867
Brookline,460000,MATH,1953,64,492,16,1461,48,848,28,233,8,3034,97,507,47,1859
Brookline,460000,SCI,663,67,166,17,497,50,276,28,53,5,992,96,508,,
Burlington,480000,ELA,860,56,147,10,713,46,540,35,146,9,1546,94,502,39,889
Burlington,480000,MATH,762,50,134,9,628,41,610,40,166,11,1538,93,500,36,882
Burlington,480000,SCI,195,42,23,5,172,37,218,46,56,12,469,93,496,,
Cambridge,490000,ELA,1227,57,285,13,942,44,636,30,272,13,2135,79,503,35,1120
Cambridge,490000,MATH,831,39,159,7,672,32,874,41,416,20,2121,78,494,28,1108
Cambridge,490000,SCI,260,47,59,11,201,36,207,37,90,16,557,73,498,,
Canton,500000,ELA,890,60,166,11,724,49,460,31,125,8,1475,98,504,38,926
Canton,500000,MATH,657,45,96,7,561,38,636,43,178,12,1471,97,497,28,922
Canton,500000,SCI,233,53,45,10,188,42,159,36,51,12,443,97,500,,
Cape Cod Lighthouse Charter (District),4320000,ELA,146,60,22,9,124,51,76,31,20,8,242,96,503,40,219
Cape Cod Lighthouse Charter (District),4320000,MATH,88,37,4,2,84,35,123,52,27,11,238,95,493,24,215
Cape Cod Lighthouse Charter (District),4320000,SCI,31,42,2,3,29,39,38,51,5,7,74,91,498,,
Carlisle,510000,ELA,304,76,78,19,226,56,82,20,15,4,401,98,513,43,244
Carlisle,510000,MATH,275,69,75,19,200,50,107,27,19,5,401,98,511,46,243
Carlisle,510000,SCI,99,81,41,34,58,48,18,15,5,4,122,97,519,,
Carver,520000,ELA,274,39,14,2,260,37,340,49,84,12,698,97,494,34,415
Carver,520000,MATH,155,22,5,1,150,22,406,59,129,19,690,96,486,29,409
Carver,520000,SCI,75,33,6,3,69,31,115,51,34,15,224,98,492,,
Central Berkshire,6350000,ELA,294,45,64,10,230,35,267,41,97,15,658,99,497,39,409
Central Berkshire,6350000,MATH,190,29,19,3,171,26,346,53,122,19,658,98,488,29,408
Central Berkshire,6350000,SCI,77,37,14,7,63,30,102,49,31,15,210,97,493,,
Chelmsford,560000,ELA,1348,61,240,11,1108,50,700,32,170,8,2218,98,505,40,1357
Chelmsford,560000,MATH,942,42,154,7,788,36,999,45,278,13,2219,98,497,32,1357
Chelmsford,560000,SCI,353,53,71,11,282,43,241,37,66,10,660,97,502,,
Chelsea,570000,ELA,644,24,73,3,571,21,1232,45,833,31,2709,95,483,30,1468
Chelsea,570000,MATH,324,12,27,1,297,11,1221,45,1183,43,2728,96,475,20,1495
Chelsea,570000,SCI,80,13,5,1,75,12,293,47,250,40,623,93,477,,
Chesterfield-Goshen,6320000,ELA,32,50,4,6,28,44,25,39,7,11,64,100,497,50,27
Chesterfield-Goshen,6320000,MATH,25,39,0,0,25,39,23,36,16,25,64,100,490,55,27
Chesterfield-Goshen,6320000,SCI,6,43,0,0,6,43,7,50,1,7,14,100,498,,
Chicopee,610000,ELA,968,31,109,4,859,28,1406,45,736,24,3110,98,489,28,1851
Chicopee,610000,MATH,570,19,31,1,539,18,1615,52,893,29,3078,97,482,23,1827
Chicopee,610000,SCI,234,30,26,3,208,26,367,46,190,24,791,94,488,,
Christa McAuliffe Charter School (District),4180000,ELA,164,42,15,4,149,38,165,43,59,15,388,98,495,37,352
Christa McAuliffe Charter School (District),4180000,MATH,120,31,11,3,109,28,197,51,71,18,388,98,489,27,353
Christa McAuliffe Charter School (District),4180000,SCI,44,46,7,7,37,39,41,43,10,11,95,92,498,,
Clarksburg,630000,ELA,67,48,9,6,58,41,66,47,7,5,140,100,499,33,89
Clarksburg,630000,MATH,32,23,0,0,32,23,95,68,13,9,140,100,487,35,89
Clarksburg,630000,SCI,12,25,1,2,11,23,31,65,5,10,48,100,490,,
Clinton,640000,ELA,290,35,28,3,262,31,362,43,184,22,836,97,490,40,508
Clinton,640000,MATH,154,18,10,1,144,17,438,52,245,29,837,98,481,32,508
Clinton,640000,SCI,77,28,7,3,70,26,151,56,43,16,271,96,489,,
Codman Academy Charter Public (District),4380000,ELA,17,13,0,0,17,13,74,58,36,28,127,98,480,32,85
Codman Academy Charter Public (District),4380000,MATH,6,5,0,0,6,5,57,45,63,50,126,98,469,27,84
Codman Academy Charter Public (District),4380000,SCI,4,10,0,0,4,10,22,56,13,33,39,100,478,,
Cohasset,650000,ELA,455,70,84,13,371,57,175,27,17,3,647,98,510,42,418
Cohasset,650000,MATH,292,45,11,2,281,43,310,48,46,7,648,98,497,30,420
Cohasset,650000,SCI,113,57,26,13,87,44,75,38,9,5,197,99,505,,
Collegiate Charter School of Lowell (District),35030000,ELA,285,44,33,5,252,38,290,44,80,12,655,99,495,40,384
Collegiate Charter School of Lowell (District),35030000,MATH,140,21,14,2,126,19,396,61,116,18,652,98,487,32,380
Collegiate Charter School of Lowell (District),35030000,SCI,56,34,6,4,50,30,82,49,28,17,166,98,491,,
Community Charter School of Cambridge (District),4360000,ELA,62,46,9,7,53,40,55,41,17,13,134,100,498,33,123
Community Charter School of Cambridge (District),4360000,MATH,46,34,4,3,42,31,66,49,23,17,135,100,490,31,123
Community Charter School of Cambridge (District),4360000,SCI,12,32,0,0,12,32,18,47,8,21,38,97,489,,
Community Day Charter Public School (District),4400000,ELA,125,47,24,9,101,38,105,39,38,14,268,100,498,34,168
Community Day Charter Public School (District),4400000,MATH,102,38,7,3,95,35,135,50,31,12,268,100,493,25,168
Community Day Charter Public School (District),4400000,SCI,25,37,2,3,23,34,35,51,8,12,68,100,493,,
Community Day Charter Public School - Gateway (District),4260000,ELA,122,50,24,10,98,40,87,36,34,14,243,100,498,26,157
Community Day Charter Public School - Gateway (District),4260000,MATH,103,43,8,3,95,39,93,38,46,19,242,100,492,19,156
Community Day Charter Public School - Gateway (District),4260000,SCI,25,38,3,5,22,33,27,41,14,21,66,100,493,,
Community Day Charter Public School - R. Kingman Webster (District),4310000,ELA,124,52,21,9,103,43,94,39,21,9,239,100,500,30,150
Community Day Charter Public School - R. Kingman Webster (District),4310000,MATH,90,38,9,4,81,34,115,48,34,14,239,100,492,14,150
Community Day Charter Public School - R. Kingman Webster (District),4310000,SCI,19,31,3,5,16,26,32,52,10,16,61,100,492,,
Concord,670000,ELA,938,70,200,15,738,55,344,26,60,4,1342,98,509,37,828
Concord,670000,MATH,804,60,159,12,645,48,447,33,91,7,1342,98,504,28,827
Concord,670000,SCI,301,67,69,15,232,51,127,28,23,5,451,98,508,,
Conservatory Lab Charter (District),4390000,ELA,82,34,11,5,71,29,121,50,40,16,243,100,491,33,133
Conservatory Lab Charter (District),4390000,MATH,42,18,4,2,38,16,106,44,92,38,240,98,477,20,132
Conservatory Lab Charter (District),4390000,SCI,21,32,2,3,19,29,30,46,14,22,65,97,489,,
Conway,680000,ELA,41,59,7,10,34,49,26,38,2,3,69,96,505,38,34
Conway,680000,MATH,32,46,7,10,25,36,35,51,2,3,69,96,498,20,34
Conway,680000,SCI,11,52,1,5,10,48,10,48,0,0,21,100,508,,
Danvers,710000,ELA,733,50,115,8,618,42,586,40,158,11,1477,93,499,35,926
Danvers,710000,MATH,554,38,51,3,503,34,696,47,220,15,1470,93,493,29,919
Danvers,710000,SCI,190,42,33,7,157,35,205,45,59,13,454,91,496,,
Dartmouth,720000,ELA,817,53,156,10,661,43,586,38,145,9,1548,96,502,40,989
Dartmouth,720000,MATH,636,41,57,4,579,37,722,47,190,12,1548,96,495,36,984
Dartmouth,720000,SCI,216,43,33,7,183,36,222,44,67,13,505,95,496,,
Dedham,730000,ELA,556,48,85,7,471,41,424,37,171,15,1151,97,497,33,746
Dedham,730000,MATH,438,38,62,5,376,33,546,47,166,14,1150,97,494,35,745
Dedham,730000,SCI,152,41,22,6,130,35,153,42,63,17,368,95,495,,
Deerfield,740000,ELA,82,46,11,6,71,40,73,41,24,13,179,95,495,27,81
Deerfield,740000,MATH,49,28,6,3,43,24,94,53,35,20,178,95,489,29,81
Deerfield,740000,SCI,17,46,7,19,10,27,16,43,4,11,37,97,500,,
Dennis-Yarmouth,6450000,ELA,521,40,72,6,449,35,549,42,226,17,1296,96,494,41,758
Dennis-Yarmouth,6450000,MATH,373,29,36,3,337,26,628,48,296,23,1297,97,488,30,761
Dennis-Yarmouth,6450000,SCI,154,37,26,6,128,31,178,43,80,19,412,93,492,,
Dighton-Rehoboth,6500000,ELA,557,48,76,6,481,41,507,43,108,9,1172,92,499,35,748
Dighton-Rehoboth,6500000,MATH,333,29,24,2,309,27,630,54,202,17,1165,92,490,23,738
Dighton-Rehoboth,6500000,SCI,142,39,13,4,129,36,172,47,49,13,363,90,494,,
Douglas,770000,ELA,249,50,47,9,202,41,205,41,43,9,497,90,500,29,291
Douglas,770000,MATH,136,27,3,1,133,26,273,54,100,20,509,92,487,29,303
Douglas,770000,SCI,82,47,12,7,70,40,65,38,26,15,173,92,497,,
Dover,780000,ELA,189,75,50,20,139,55,56,22,6,2,251,99,513,48,77
Dover,780000,MATH,197,78,55,22,142,56,49,19,6,2,252,99,514,52,77
Dover,780000,SCI,62,70,16,18,46,52,23,26,3,3,88,98,512,,
Dover-Sherborn,6550000,ELA,358,76,85,18,273,58,98,21,16,3,472,92,512,42,432
Dover-Sherborn,6550000,MATH,346,74,93,20,253,54,107,23,15,3,468,91,513,40,427
Dover-Sherborn,6550000,SCI,102,73,34,24,68,49,30,21,8,6,140,95,513,,
Dracut,790000,ELA,803,44,116,6,687,38,747,41,262,14,1812,100,496,32,1135
Dracut,790000,MATH,505,28,44,2,461,25,950,52,358,20,1813,99,488,29,1134
Dracut,790000,SCI,202,35,18,3,184,32,274,47,106,18,582,99,491,,
Dudley Street Neighborhood Charter School (District),4070000,ELA,31,30,2,2,29,28,55,52,19,18,105,97,488,34,30
Dudley Street Neighborhood Charter School (District),4070000,MATH,10,9,0,0,10,9,51,48,45,42,106,98,473,18,30
Dudley Street Neighborhood Charter School (District),4070000,SCI,9,31,0,0,9,31,8,28,12,41,29,97,480,,
Dudley-Charlton Reg,6580000,ELA,838,51,106,6,732,44,636,38,178,11,1652,99,499,37,1089
Dudley-Charlton Reg,6580000,MATH,504,31,22,1,482,29,919,56,227,14,1650,99,490,24,1087
Dudley-Charlton Reg,6580000,SCI,221,43,22,4,199,39,250,49,42,8,513,98,497,,
Duxbury,820000,ELA,822,65,125,10,697,56,374,30,59,5,1255,97,507,37,807
Duxbury,820000,MATH,661,53,70,6,591,47,542,43,54,4,1257,97,502,32,810
Duxbury,820000,SCI,258,57,27,6,231,51,177,39,15,3,450,97,503,,
East Bridgewater,830000,ELA,465,48,68,7,397,41,404,42,90,9,959,98,499,37,622
East Bridgewater,830000,MATH,315,33,31,3,284,30,506,53,136,14,957,98,492,28,621
East Bridgewater,830000,SCI,132,42,24,8,108,34,148,47,34,11,314,96,497,,
East Longmeadow,870000,ELA,563,52,106,10,457,42,422,39,102,9,1087,95,501,43,694
East Longmeadow,870000,MATH,379,35,44,4,335,31,531,49,167,16,1077,94,492,33,685
East Longmeadow,870000,SCI,170,52,17,5,153,47,123,38,33,10,326,93,501,,
Eastham,850000,ELA,54,64,9,11,45,53,28,33,3,4,85,90,506,57,22
Eastham,850000,MATH,34,40,3,4,31,36,41,48,10,12,85,90,495,31,22
Eastham,850000,SCI,20,77,5,19,15,58,3,12,3,12,26,84,513,,
Easthampton,860000,ELA,276,45,41,7,235,38,268,43,73,12,617,93,496,39,395
Easthampton,860000,MATH,149,24,9,1,140,23,332,54,135,22,616,93,486,31,393
Easthampton,860000,SCI,79,39,10,5,69,34,95,47,29,14,203,96,495,,
Easton,880000,ELA,922,58,160,10,762,48,551,35,119,7,1592,96,504,38,1061
Easton,880000,MATH,765,48,89,6,676,43,679,43,145,9,1589,96,499,35,1058
Easton,880000,SCI,296,55,56,10,240,45,210,39,30,6,536,95,503,,
Edgartown,890000,ELA,103,42,8,3,95,39,99,40,44,18,246,99,494,35,130
Edgartown,890000,MATH,58,24,4,2,54,22,134,54,54,22,246,99,485,29,130
Edgartown,890000,SCI,27,38,7,10,20,28,31,44,13,18,71,100,494,,
Erving,910000,ELA,8,27,0,0,8,27,19,63,3,10,30,56,488,,18
Erving,910000,MATH,4,14,1,3,3,10,16,55,9,31,29,54,483,,16
Erving,910000,SCI,2,14,1,7,1,7,9,64,3,21,14,67,483,,
Everett,930000,ELA,658,24,50,2,608,22,1243,44,896,32,2797,89,482,26,1461
Everett,930000,MATH,376,14,27,1,349,13,1318,48,1054,38,2748,88,477,24,1424
Everett,930000,SCI,112,16,7,1,105,15,328,46,276,39,716,82,478,,
Excel Academy Charter (District),4100000,ELA,248,36,24,3,224,33,310,45,130,19,688,96,491,32,630
Excel Academy Charter (District),4100000,MATH,125,18,9,1,116,17,362,53,195,29,682,96,483,23,625
Excel Academy Charter (District),4100000,SCI,70,26,11,4,59,22,134,51,61,23,265,95,487,,
Fairhaven,940000,ELA,359,51,63,9,296,42,274,39,75,11,708,83,500,33,448
Fairhaven,940000,MATH,301,42,34,5,267,37,325,45,89,12,715,84,495,33,450
Fairhaven,940000,SCI,109,48,18,8,91,40,102,45,17,7,228,85,500,,
Fall River,950000,ELA,1307,27,139,3,1168,24,2036,42,1450,30,4793,95,485,30,2643
Fall River,950000,MATH,804,17,57,1,747,16,2164,45,1807,38,4775,94,478,26,2627
Fall River,950000,SCI,288,21,32,2,256,19,628,46,452,33,1368,90,481,,
Falmouth,960000,ELA,797,55,173,12,624,43,491,34,161,11,1449,98,502,43,909
Falmouth,960000,MATH,604,41,85,6,519,36,632,43,220,15,1456,98,495,40,910
Falmouth,960000,SCI,227,51,45,10,182,41,160,36,59,13,446,97,500,,
Farmington River Reg,6620000,ELA,23,51,3,7,20,44,18,40,4,9,45,96,501,,16
Farmington River Reg,6620000,MATH,12,27,2,4,10,22,26,58,7,16,45,96,491,,16
Fitchburg,970000,ELA,676,29,93,4,583,25,1013,43,679,29,2368,96,486,30,1372
Fitchburg,970000,MATH,334,14,24,1,310,13,1081,45,968,41,2383,97,477,25,1378
Fitchburg,970000,SCI,114,18,10,2,104,16,295,46,238,37,647,95,480,,
Florida,980000,ELA,15,27,0,0,15,27,29,52,12,21,56,97,486,30,40
Florida,980000,MATH,5,9,0,0,5,9,31,55,20,36,56,97,476,24,40
Florida,980000,SCI,6,29,0,0,6,29,7,33,8,38,21,95,483,,
Four Rivers Charter Public (District),4130000,ELA,23,45,1,2,22,43,24,47,4,8,51,68,496,34,40
Four Rivers Charter Public (District),4130000,MATH,10,20,0,0,10,20,30,61,9,18,49,65,485,23,38
Four Rivers Charter Public (District),4130000,SCI,13,50,3,12,10,38,12,46,1,4,26,76,499,,
Foxborough,990000,ELA,606,55,104,9,502,45,386,35,115,10,1107,98,501,41,711
Foxborough,990000,MATH,499,45,59,5,440,40,497,45,111,10,1107,98,497,30,711
Foxborough,990000,SCI,197,54,34,9,163,44,142,39,29,8,368,97,501,,
Foxborough Regional Charter (District),4460000,ELA,379,43,47,5,332,38,382,44,113,13,874,99,495,34,560
Foxborough Regional Charter (District),4460000,MATH,220,25,22,3,198,23,464,53,190,22,874,99,485,31,562
Foxborough Regional Charter (District),4460000,SCI,88,37,9,4,79,33,122,51,31,13,241,97,492,,
Framingham,1000000,ELA,1324,34,229,6,1095,28,1510,39,1022,27,3856,96,489,39,2125
Framingham,1000000,MATH,892,23,84,2,808,21,1638,42,1329,34,3859,96,482,34,2124
Framingham,1000000,SCI,360,32,58,5,302,27,453,40,309,28,1122,93,488,,
Francis W. Parker Charter Essential (District),4780000,ELA,80,58,9,7,71,51,47,34,11,8,138,97,503,36,90
Francis W. Parker Charter Essential (District),4780000,MATH,51,37,4,3,47,34,77,56,10,7,138,97,495,28,89
Francis W. Parker Charter Essential (District),4780000,SCI,39,58,7,10,32,48,24,36,4,6,67,94,503,,
Franklin,1010000,ELA,1276,60,216,10,1060,50,689,32,160,8,2125,98,504,35,1353
Franklin,1010000,MATH,1012,48,154,7,858,40,893,42,217,10,2122,98,499,30,1345
Franklin,1010000,SCI,407,58,78,11,329,47,248,35,44,6,699,97,505,,
Freetown-Lakeville,6650000,ELA,617,50,97,8,520,42,490,40,133,11,1240,94,499,36,774
Freetown-Lakeville,6650000,MATH,552,44,61,5,491,40,556,45,135,11,1243,94,497,34,777
Freetown-Lakeville,6650000,SCI,229,54,43,10,186,43,168,39,31,7,428,93,503,,
Frontier,6700000,ELA,117,50,21,9,96,41,89,38,27,12,233,96,500,37,218
Frontier,6700000,MATH,93,40,15,7,78,34,112,49,25,11,230,95,497,39,216
Frontier,6700000,SCI,51,57,9,10,42,47,30,34,8,9,89,93,502,,
Gardner,1030000,ELA,276,28,19,2,257,26,457,46,256,26,989,94,485,35,633
Gardner,1030000,MATH,148,15,6,1,142,14,489,49,356,36,993,94,477,26,635
Gardner,1030000,SCI,58,20,2,1,56,20,139,49,88,31,285,92,482,,
Gateway,6720000,ELA,145,39,15,4,130,35,176,47,54,14,375,99,494,34,244
Gateway,6720000,MATH,83,22,11,3,72,19,212,57,80,21,375,99,486,30,243
Gateway,6720000,SCI,52,46,7,6,45,39,53,46,9,8,114,97,499,,
Georgetown,1050000,ELA,303,53,47,8,256,45,223,39,47,8,573,99,500,31,370
Georgetown,1050000,MATH,195,34,19,3,176,31,293,51,82,14,570,98,491,27,368
Georgetown,1050000,SCI,75,41,10,6,65,36,85,47,21,12,181,97,496,,
Gill-Montague,6740000,ELA,112,30,11,3,101,27,182,48,85,22,379,85,488,31,227
Gill-Montague,6740000,MATH,54,15,3,1,51,14,178,49,133,36,365,82,478,33,210
Gill-Montague,6740000,SCI,33,30,3,3,30,27,54,49,23,21,110,81,489,,
Global Learning Charter Public (District),4960000,ELA,111,34,12,4,99,30,177,54,39,12,327,91,492,30,303
Global Learning Charter Public (District),4960000,MATH,35,11,0,0,35,11,209,64,84,26,328,92,480,16,305
Global Learning Charter Public (District),4960000,SCI,24,17,1,1,23,16,85,61,31,22,140,85,482,,
Gloucester,1070000,ELA,540,44,83,7,457,37,515,41,186,15,1241,99,496,34,769
Gloucester,1070000,MATH,389,31,41,3,348,28,570,46,285,23,1244,99,489,29,771
Gloucester,1070000,SCI,149,38,15,4,134,34,176,44,72,18,397,99,492,,
Grafton,1100000,ELA,837,58,130,9,707,49,486,34,125,9,1448,95,503,40,948
Grafton,1100000,MATH,684,47,103,7,581,40,589,41,173,12,1446,95,498,36,947
Grafton,1100000,SCI,292,63,60,13,232,50,131,28,43,9,466,93,505,,
Granby,1110000,ELA,94,32,8,3,86,29,160,54,44,15,298,99,491,28,190
Granby,1110000,MATH,47,16,1,0,46,15,178,60,73,24,298,99,482,21,189
Granby,1110000,SCI,33,32,4,4,29,28,56,54,14,14,103,98,493,,
Greater Commonwealth Virtual District,39010000,ELA,159,37,16,4,143,33,204,47,68,16,431,89,493,33,216
Greater Commonwealth Virtual District,39010000,MATH,88,20,8,2,80,18,243,55,108,25,439,91,484,35,221
Greater Commonwealth Virtual District,39010000,SCI,18,32,2,4,16,28,29,51,10,18,57,74,488,,
Greenfield,1140000,ELA,169,31,11,2,158,29,247,46,123,23,539,72,488,32,291
Greenfield,1140000,MATH,62,12,6,1,56,10,251,47,224,42,537,71,475,23,291
Greenfield,1140000,SCI,41,29,6,4,35,25,66,47,34,24,141,65,488,,
Groton-Dunstable,6730000,ELA,682,66,171,17,511,50,270,26,75,7,1027,97,509,45,651
Groton-Dunstable,6730000,MATH,572,57,93,9,479,48,359,36,70,7,1001,95,504,35,625
Groton-Dunstable,6730000,SCI,216,67,54,17,162,50,85,26,21,7,322,94,510,,
Hadley,1170000,ELA,128,59,16,7,112,51,74,34,16,7,218,99,502,47,148
Hadley,1170000,MATH,85,39,8,4,77,35,92,42,40,18,217,98,492,36,149
Hadley,1170000,SCI,52,63,9,11,43,52,22,27,8,10,82,96,505,,
Halifax,1180000,ELA,209,60,47,14,162,47,119,34,18,5,346,96,505,45,152
Halifax,1180000,MATH,155,45,17,5,138,40,157,45,35,10,347,96,496,32,153
Halifax,1180000,SCI,39,49,8,10,31,39,33,42,7,9,79,96,502,,
Hamilton-Wenham,6750000,ELA,548,74,139,19,409,55,169,23,25,3,742,97,512,51,460
Hamilton-Wenham,6750000,MATH,391,53,43,6,348,47,300,40,50,7,741,97,501,39,459
Hamilton-Wenham,6750000,SCI,154,63,29,12,125,51,86,35,3,1,243,99,507,,
Hampden Charter School of Science East (District),4990000,ELA,105,43,17,7,88,36,97,39,44,18,246,96,494,32,221
Hampden Charter School of Science East (District),4990000,MATH,76,31,8,3,68,28,119,49,49,20,244,95,488,25,220
Hampden Charter School of Science East (District),4990000,SCI,5,23,0,0,5,23,10,45,7,32,22,81,481,,
Hampden Charter School of Science West (District),35160000,ELA,86,44,18,9,68,35,73,37,36,18,195,100,496,31,163
Hampden Charter School of Science West (District),35160000,MATH,59,30,13,7,46,24,99,51,37,19,195,100,490,25,163
Hampden Charter School of Science West (District),35160000,SCI,6,23,0,0,6,23,16,62,4,15,26,100,488,,
Hampden-Wilbraham,6800000,ELA,655,54,104,9,551,46,446,37,107,9,1208,97,501,39,771
Hampden-Wilbraham,6800000,MATH,463,38,28,2,435,36,597,50,145,12,1205,97,494,33,766
Hampden-Wilbraham,6800000,SCI,189,49,18,5,171,44,162,42,38,10,389,98,499,,
Hampshire,6830000,ELA,99,45,7,3,92,42,92,42,29,13,220,87,495,31,202
Hampshire,6830000,MATH,65,30,3,1,62,28,116,53,38,17,219,87,489,29,203
Hampshire,6830000,SCI,43,46,4,4,39,41,44,47,7,7,94,80,498,,
Hancock,1210000,ELA,10,37,0,0,10,37,12,44,5,19,27,100,492,,9
Hancock,1210000,MATH,8,30,1,4,7,26,9,33,10,37,27,100,483,,9
Hanover,1220000,ELA,707,59,125,10,582,49,403,34,87,7,1197,99,504,43,769
Hanover,1220000,MATH,619,52,89,7,530,44,478,40,100,8,1197,99,500,41,770
Hanover,1220000,SCI,239,58,52,13,187,46,147,36,23,6,409,100,505,,
Harvard,1250000,ELA,350,77,86,19,264,58,76,17,30,7,456,95,512,47,291
Harvard,1250000,MATH,291,63,50,11,241,52,131,28,38,8,460,96,505,40,297
Harvard,1250000,SCI,124,82,35,23,89,59,20,13,7,5,151,97,515,,
Hatfield,1270000,ELA,89,48,12,6,77,41,78,42,19,10,186,95,499,29,116
Hatfield,1270000,MATH,49,26,2,1,47,25,96,52,40,22,185,95,486,26,115
Hatfield,1270000,SCI,24,39,4,7,20,33,28,46,9,15,61,95,495,,
Haverhill,1280000,ELA,1181,32,129,3,1052,28,1634,44,917,25,3732,93,488,32,2208
Haverhill,1280000,MATH,685,18,53,1,632,17,1755,47,1326,35,3766,94,480,27,2241
Haverhill,1280000,SCI,285,26,31,3,254,23,498,46,298,28,1081,90,485,,
Hawlemont,6850000,ELA,19,28,0,0,19,28,32,47,17,25,68,99,486,26,31
Hawlemont,6850000,MATH,5,7,0,0,5,7,30,44,33,49,68,99,473,10,31
Hawlemont,6850000,SCI,3,20,0,0,3,20,7,47,5,33,15,94,483,,
Helen Y. Davis Leadership Academy Charter Public (District),4190000,ELA,39,23,3,2,36,21,83,49,46,27,168,90,485,32,140
Helen Y. Davis Leadership Academy Charter Public (District),4190000,MATH,26,15,1,1,25,14,93,53,56,32,175,94,479,27,146
Helen Y. Davis Leadership Academy Charter Public (District),4190000,SCI,5,17,1,3,4,14,14,48,10,34,29,94,480,,
Hill View Montessori Charter Public (District),4550000,ELA,72,37,5,3,67,34,98,50,27,14,197,97,492,34,124
Hill View Montessori Charter Public (District),4550000,MATH,15,8,1,1,14,7,95,49,84,43,194,96,473,22,124
Hill View Montessori Charter Public (District),4550000,SCI,14,23,1,2,13,21,33,53,15,24,62,94,484,,
Hilltown Cooperative Charter Public (District),4500000,ELA,94,65,21,14,73,50,41,28,10,7,145,92,507,46,93
Hilltown Cooperative Charter Public (District),4500000,MATH,63,45,10,7,53,38,65,46,12,9,140,89,498,36,94
Hilltown Cooperative Charter Public (District),4500000,SCI,29,63,3,7,26,57,14,30,3,7,46,85,506,,
Hingham,1310000,ELA,1404,77,472,26,932,51,376,21,46,3,1826,99,516,50,1145
Hingham,1310000,MATH,1118,61,193,11,925,51,619,34,81,4,1818,98,506,35,1139
Hingham,1310000,SCI,422,70,124,21,298,50,150,25,27,5,599,99,511,,
Holbrook,1330000,ELA,259,43,26,4,233,39,264,44,80,13,603,98,495,32,346
Holbrook,1330000,MATH,152,25,4,1,148,24,311,51,142,23,605,98,485,22,348
Holbrook,1330000,SCI,86,44,13,7,73,37,89,45,22,11,197,97,498,,
Holland,1350000,ELA,63,51,9,7,54,44,46,37,15,12,124,100,498,50,54
Holland,1350000,MATH,44,35,2,2,42,34,55,44,25,20,124,100,489,53,54
Holland,1350000,SCI,11,39,2,7,9,32,15,54,2,7,28,100,497,,
Holliston,1360000,ELA,817,61,139,10,678,51,418,31,99,7,1334,98,505,45,858
Holliston,1360000,MATH,678,51,101,8,577,43,523,39,133,10,1334,98,500,48,856
Holliston,1360000,SCI,237,57,40,10,197,47,158,38,24,6,419,98,505,,
Holyoke,1370000,ELA,248,12,13,1,235,11,950,45,925,44,2123,95,475,28,1220
Holyoke,1370000,MATH,88,4,1,0,87,4,759,36,1266,60,2113,95,466,28,1213
Holyoke,1370000,SCI,34,7,0,0,34,7,208,40,279,54,521,92,471,,
Holyoke Community Charter (District),4530000,ELA,114,24,8,2,106,22,255,54,103,22,472,100,486,30,296
Holyoke Community Charter (District),4530000,MATH,44,9,1,0,43,9,252,53,176,37,472,100,476,27,296
Holyoke Community Charter (District),4530000,SCI,27,24,4,4,23,20,53,46,34,30,114,100,485,,
Hoosac Valley Regional,6030000,ELA,150,29,8,2,142,27,240,46,132,25,522,99,486,28,343
Hoosac Valley Regional,6030000,MATH,63,12,7,1,56,11,273,52,187,36,523,99,477,24,345
Hoosac Valley Regional,6030000,SCI,29,19,2,1,27,18,84,56,36,24,149,100,484,,
Hopedale,1380000,ELA,263,56,30,6,233,49,163,35,45,10,471,94,501,34,298
Hopedale,1380000,MATH,209,44,26,5,183,39,217,46,47,10,473,94,497,32,299
Hopedale,1380000,SCI,78,53,15,10,63,43,53,36,17,11,148,90,501,,
Hopkinton,1390000,ELA,1357,76,363,20,994,56,348,19,81,5,1786,98,513,44,1120
Hopkinton,1390000,MATH,1223,68,368,21,855,48,459,26,106,6,1788,98,511,48,1118
Hopkinton,1390000,SCI,408,75,107,20,301,56,110,20,23,4,541,98,512,,
Hudson,1410000,ELA,488,42,54,5,434,37,493,42,192,16,1173,98,493,30,699
Hudson,1410000,MATH,295,25,18,2,277,24,606,52,269,23,1170,98,486,24,696
Hudson,1410000,SCI,129,35,15,4,114,31,171,47,64,18,364,97,491,,
Hull,1420000,ELA,167,50,23,7,144,44,123,37,41,12,331,93,498,33,210
Hull,1420000,MATH,130,39,18,5,112,34,152,46,49,15,331,93,494,31,210
Hull,1420000,SCI,41,40,6,6,35,34,47,46,14,14,102,93,496,,
Innovation Academy Charter (District),4350000,ELA,196,51,32,8,164,42,154,40,36,9,386,96,500,35,345
Innovation Academy Charter (District),4350000,MATH,149,39,13,3,136,35,185,48,53,14,387,96,494,29,347
Innovation Academy Charter (District),4350000,SCI,67,40,10,6,57,34,73,44,26,16,166,94,494,,
Ipswich,1440000,ELA,413,55,67,9,346,46,269,36,64,9,746,99,502,32,468
Ipswich,1440000,MATH,271,36,28,4,243,33,385,52,89,12,745,99,494,28,467
Ipswich,1440000,SCI,132,53,32,13,100,40,101,40,18,7,251,98,503,,
KIPP Academy Boston Charter School (District),4630000,ELA,80,23,2,1,78,22,185,52,89,25,354,87,484,26,215
KIPP Academy Boston Charter School (District),4630000,MATH,36,10,2,1,34,10,172,49,144,41,352,86,475,20,214
KIPP Academy Boston Charter School (District),4630000,SCI,8,10,0,0,8,10,38,45,38,45,84,74,473,,
KIPP Academy Lynn Charter (District),4290000,ELA,162,38,15,4,147,35,195,46,67,16,424,57,492,25,216
KIPP Academy Lynn Charter (District),4290000,MATH,101,24,6,1,95,23,216,51,104,25,421,56,484,19,213
KIPP Academy Lynn Charter (District),4290000,SCI,26,29,4,4,22,24,47,52,17,19,90,38,490,,
King Philip,6900000,ELA,416,56,71,10,345,47,262,35,61,8,739,99,503,39,703
King Philip,6900000,MATH,277,38,26,4,251,34,395,54,63,9,735,98,495,27,699
King Philip,6900000,SCI,151,49,20,6,131,43,133,43,24,8,308,99,500,,
Kingston,1450000,ELA,330,55,52,9,278,46,225,37,47,8,602,99,501,37,296
Kingston,1450000,MATH,208,34,12,2,196,32,311,51,86,14,605,99,492,29,298
Kingston,1450000,SCI,86,53,11,7,75,46,50,31,26,16,162,99,499,,
Lawrence,1490000,ELA,1131,18,102,2,1029,16,2717,43,2506,39,6354,98,478,28,3567
Lawrence,1490000,MATH,624,10,31,0,593,9,2745,43,2995,47,6364,98,472,24,3581
Lawrence,1490000,SCI,250,15,16,1,234,14,715,44,666,41,1631,97,477,,
Lawrence Family Development Charter (District),4540000,ELA,209,45,26,6,183,39,223,48,35,7,467,99,498,36,303
Lawrence Family Development Charter (District),4540000,MATH,88,19,7,1,81,17,286,61,93,20,467,99,485,26,303
Lawrence Family Development Charter (District),4540000,SCI,64,42,6,4,58,38,76,50,12,8,152,98,497,,
Learning First Charter Public School (District),4860000,ELA,107,25,8,2,99,23,212,49,112,26,431,97,485,37,277
Learning First Charter Public School (District),4860000,MATH,48,11,1,0,47,11,191,45,188,44,427,96,475,36,276
Learning First Charter Public School (District),4860000,SCI,20,15,0,0,20,15,72,55,38,29,130,96,482,,
Lee,1500000,ELA,124,43,18,6,106,37,130,45,36,12,290,99,496,36,172
Lee,1500000,MATH,77,27,4,1,73,25,150,52,63,22,290,99,487,31,171
Lee,1500000,SCI,33,35,6,6,27,29,47,50,14,15,94,100,493,,
Leicester,1510000,ELA,239,38,15,2,224,36,276,44,113,18,628,97,492,39,393
Leicester,1510000,MATH,152,24,14,2,138,22,333,53,141,23,626,97,486,37,392
Leicester,1510000,SCI,81,43,8,4,73,39,85,45,23,12,189,97,497,,
Lenox,1520000,ELA,203,63,38,12,165,51,103,32,17,5,323,98,505,36,204
Lenox,1520000,MATH,138,43,17,5,121,38,147,46,34,11,319,97,496,25,200
Lenox,1520000,SCI,46,48,5,5,41,43,45,47,4,4,95,96,499,,
Leominster,1530000,ELA,948,35,97,4,851,32,1162,44,561,21,2671,97,491,31,1617
Leominster,1530000,MATH,584,22,44,2,540,20,1325,50,766,29,2675,98,483,21,1613
Leominster,1530000,SCI,245,33,30,4,215,29,345,46,154,21,744,97,490,,
Leverett,1540000,ELA,34,56,7,11,27,44,24,39,3,5,61,88,503,32,27
Leverett,1540000,MATH,23,37,2,3,21,33,32,51,8,13,63,91,493,39,28
Leverett,1540000,SCI,7,54,1,8,6,46,6,46,0,0,13,100,504,,
Lexington,1550000,ELA,2480,75,730,22,1750,53,666,20,141,4,3287,97,514,48,1985
Lexington,1550000,MATH,2363,72,822,25,1541,47,734,22,195,6,3292,97,513,44,1994
Lexington,1550000,SCI,754,73,225,22,529,51,237,23,47,5,1038,95,513,,
Libertas Academy Charter School (District),35140000,ELA,54,21,3,1,51,20,102,40,96,38,252,99,480,36,200
Libertas Academy Charter School (District),35140000,MATH,38,15,2,1,36,14,124,50,88,35,250,98,478,32,201
Libertas Academy Charter School (District),35140000,SCI,3,7,0,0,3,7,27,64,12,29,42,100,478,,
Lincoln,1570000,ELA,379,61,77,12,302,49,197,32,41,7,617,98,505,52,281
Lincoln,1570000,MATH,296,49,57,9,239,39,242,40,71,12,609,98,499,41,277
Lincoln,1570000,SCI,85,52,16,10,69,43,60,37,17,10,162,94,502,,
Littleton,1580000,ELA,436,60,77,11,359,50,236,33,51,7,723,94,504,38,446
Littleton,1580000,MATH,328,45,63,9,265,37,312,43,85,12,725,94,497,39,449
Littleton,1580000,SCI,118,56,21,10,97,46,80,38,12,6,210,86,504,,
Longmeadow,1590000,ELA,793,64,150,12,643,52,360,29,86,7,1239,98,507,38,776
Longmeadow,1590000,MATH,573,46,85,7,488,40,552,45,110,9,1235,97,498,28,774
Longmeadow,1590000,SCI,217,55,46,12,171,44,144,37,30,8,391,98,503,,
Lowell,1600000,ELA,1633,27,212,3,1421,23,2647,43,1876,30,6156,89,485,26,3707
Lowell,1600000,MATH,1134,18,100,2,1034,17,2854,47,2148,35,6136,88,480,25,3693
Lowell,1600000,SCI,259,16,25,2,234,15,736,46,608,38,1603,86,479,,
Lowell Community Charter Public (District),4560000,ELA,236,49,50,10,186,39,197,41,45,9,478,100,499,39,306
Lowell Community Charter Public (District),4560000,MATH,153,32,8,2,145,30,229,48,96,20,478,100,489,25,306
Lowell Community Charter Public (District),4560000,SCI,52,39,8,6,44,33,61,46,20,15,133,100,492,,
Ludlow,1610000,ELA,336,33,24,2,312,31,517,51,157,16,1010,95,491,30,672
Ludlow,1610000,MATH,251,25,21,2,230,23,564,56,194,19,1009,95,487,29,672
Ludlow,1610000,SCI,95,30,8,3,87,28,166,53,55,17,316,92,490,,
Lunenburg,1620000,ELA,367,50,50,7,317,44,287,39,74,10,728,100,499,45,479
Lunenburg,1620000,MATH,267,37,22,3,245,34,366,50,95,13,728,100,493,33,478
Lunenburg,1620000,SCI,129,55,23,10,106,45,92,39,15,6,236,100,503,,
Lynn,1630000,ELA,1608,24,117,2,1491,22,3213,47,2011,29,6832,96,484,28,3893
Lynn,1630000,MATH,854,13,41,1,813,12,3101,45,2864,42,6819,96,475,20,3899
Lynn,1630000,SCI,369,21,36,2,333,19,817,46,586,33,1772,93,482,,
Lynnfield,1640000,ELA,725,70,162,16,563,54,280,27,34,3,1039,99,511,40,653
Lynnfield,1640000,MATH,604,58,100,10,504,49,384,37,49,5,1037,99,505,30,650
Lynnfield,1640000,SCI,221,63,50,14,171,49,105,30,26,7,352,99,506,,
Malden,1650000,ELA,1137,41,176,6,961,34,1114,40,551,20,2802,98,493,38,1657
Malden,1650000,MATH,684,24,77,3,607,22,1282,46,839,30,2805,98,484,30,1658
Malden,1650000,SCI,196,26,26,3,170,23,368,49,186,25,750,98,487,,
Manchester Essex Regional,6980000,ELA,363,63,66,12,297,52,165,29,45,8,573,97,505,33,378
Manchester Essex Regional,6980000,MATH,296,52,42,7,254,44,226,40,49,9,571,97,500,33,374
Manchester Essex Regional,6980000,SCI,104,59,21,12,83,47,55,31,16,9,175,93,503,,
Mansfield,1670000,ELA,939,60,120,8,819,52,501,32,129,8,1569,99,503,41,1018
Mansfield,1670000,MATH,801,51,116,7,685,44,604,39,158,10,1563,99,500,39,1012
Mansfield,1670000,SCI,256,50,33,6,223,44,199,39,53,10,508,98,499,,
Marblehead,1680000,ELA,792,64,131,11,661,54,350,28,88,7,1230,99,506,47,779
Marblehead,1680000,MATH,687,56,90,7,597,49,439,36,104,8,1230,99,502,47,780
Marblehead,1680000,SCI,271,62,57,13,214,49,132,30,36,8,439,99,505,,
Marblehead Community Charter Public (District),4640000,ELA,99,47,12,6,87,41,84,40,27,13,210,100,497,34,130
Marblehead Community Charter Public (District),4640000,MATH,72,34,10,5,62,30,115,55,23,11,210,100,494,33,129
Marblehead Community Charter Public (District),4640000,SCI,32,44,6,8,26,36,28,39,12,17,72,99,496,,
Marion,1690000,ELA,131,57,22,10,109,47,87,38,13,6,231,100,502,34,117
Marion,1690000,MATH,101,44,12,5,89,39,101,44,29,13,231,100,496,38,116
Marion,1690000,SCI,36,57,9,14,27,43,19,30,8,13,63,100,503,,
Marlborough,1700000,ELA,741,33,105,5,636,28,980,43,543,24,2264,99,488,30,1292
Marlborough,1700000,MATH,488,21,39,2,449,20,1115,49,669,29,2272,99,482,28,1293
Marlborough,1700000,SCI,220,32,31,4,189,27,293,42,182,26,695,99,487,,
Marshfield,1710000,ELA,1085,65,250,15,835,50,479,29,109,7,1673,95,508,37,1056
Marshfield,1710000,MATH,832,50,78,5,754,45,684,41,145,9,1661,95,499,30,1052
Marshfield,1710000,SCI,328,58,56,10,272,48,208,37,25,4,561,96,504,,
Martha's Vineyard Charter Public School (District),4660000,ELA,50,59,12,14,38,45,29,34,6,7,85,89,505,43,58
Martha's Vineyard Charter Public School (District),4660000,MATH,21,26,2,3,19,24,50,63,9,11,80,83,489,27,53
Martha's Vineyard Charter Public School (District),4660000,SCI,15,52,5,17,10,34,12,41,2,7,29,81,503,,
"Martin Luther King, Jr. Charter School of Excellence (District)",4920000,ELA,44,25,1,1,43,24,97,55,35,20,176,99,486,19,57
"Martin Luther King, Jr. Charter School of Excellence (District)",4920000,MATH,16,9,2,1,14,8,78,45,81,46,175,99,471,10,58
"Martin Luther King, Jr. Charter School of Excellence (District)",4920000,SCI,16,29,1,2,15,27,33,59,7,13,56,97,489,,
Masconomet,7050000,ELA,340,59,47,8,293,51,196,34,44,8,580,98,504,39,554
Masconomet,7050000,MATH,280,48,39,7,241,42,256,44,42,7,578,98,500,31,550
Masconomet,7050000,SCI,125,56,17,8,108,48,82,37,16,7,223,96,503,,
Mashpee,1720000,ELA,314,47,48,7,266,40,265,40,85,13,664,95,497,38,426
Mashpee,1720000,MATH,195,29,26,4,169,25,334,50,134,20,663,95,488,24,425
Mashpee,1720000,SCI,107,45,16,7,91,38,97,41,33,14,237,92,496,,
Match Charter Public School (District),4690000,ELA,144,28,10,2,134,26,256,50,115,22,515,91,487,29,312
Match Charter Public School (District),4690000,MATH,56,10,1,0,55,10,289,54,194,36,539,95,476,21,332
Match Charter Public School (District),4690000,SCI,31,22,1,1,30,22,78,56,30,22,139,98,484,,
Mattapoisett,1730000,ELA,162,72,30,13,132,59,54,24,9,4,225,100,510,53,108
Mattapoisett,1730000,MATH,127,56,16,7,111,49,89,40,9,4,225,100,501,49,107
Mattapoisett,1730000,SCI,46,77,7,12,39,65,14,23,0,0,60,100,512,,
Maynard,1740000,ELA,254,47,28,5,226,42,216,40,68,13,538,95,497,38,322
Maynard,1740000,MATH,151,28,13,2,138,26,281,52,108,20,540,96,488,33,321
Maynard,1740000,SCI,93,51,17,9,76,42,72,40,16,9,181,95,499,,
Medfield,1750000,ELA,825,73,162,14,663,59,268,24,35,3,1128,98,510,42,717
Medfield,1750000,MATH,660,59,102,9,558,50,408,36,56,5,1124,97,504,33,713
Medfield,1750000,SCI,270,71,55,15,215,57,94,25,15,4,379,97,509,,
Medford,1760000,ELA,695,45,111,7,584,38,606,39,245,16,1546,87,496,41,897
Medford,1760000,MATH,409,26,47,3,362,23,758,49,382,25,1549,87,486,33,899
Medford,1760000,SCI,154,34,27,6,127,28,200,45,93,21,447,88,491,,
Medway,1770000,ELA,594,62,110,11,484,50,293,31,72,8,959,97,505,38,637
Medway,1770000,MATH,488,51,76,8,412,43,396,41,72,8,956,97,500,31,635
Medway,1770000,SCI,163,51,30,9,133,42,134,42,23,7,320,97,501,,
Melrose,1780000,ELA,1055,63,267,16,788,47,507,30,117,7,1679,97,507,38,999
Melrose,1780000,MATH,867,52,159,10,708,42,620,37,186,11,1673,96,500,32,995
Melrose,1780000,SCI,271,54,53,11,218,44,183,37,47,9,501,96,502,,
Mendon-Upton,7100000,ELA,516,50,67,7,449,44,397,39,109,11,1022,99,499,32,669
Mendon-Upton,7100000,MATH,319,31,18,2,301,29,547,54,155,15,1021,99,490,23,669
Mendon-Upton,7100000,SCI,178,52,25,7,153,44,143,42,23,7,344,99,501,,
Methuen,1810000,ELA,1205,38,156,5,1049,33,1358,43,596,19,3159,98,492,36,1929
Methuen,1810000,MATH,735,23,87,3,648,21,1513,48,906,29,3154,98,484,28,1928
Methuen,1810000,SCI,307,31,33,3,274,28,461,47,220,22,988,98,489,,
Middleborough,1820000,ELA,568,43,68,5,500,38,531,40,214,16,1313,92,495,36,835
Middleborough,1820000,MATH,479,37,41,3,438,33,642,49,191,15,1312,92,493,32,829
Middleborough,1820000,SCI,184,45,24,6,160,39,171,42,53,13,408,92,497,,
Middleton,1840000,ELA,217,65,48,14,169,50,100,30,18,5,335,99,507,39,156
Middleton,1840000,MATH,177,53,30,9,147,44,125,37,34,10,336,99,501,42,157
Middleton,1840000,SCI,48,59,8,10,40,49,27,33,7,9,82,100,505,,
Milford,1850000,ELA,777,39,129,6,648,33,807,41,402,20,1986,99,492,38,1152
Milford,1850000,MATH,458,23,38,2,420,21,989,50,545,27,1992,99,484,26,1156
Milford,1850000,SCI,205,35,24,4,181,31,266,45,117,20,588,97,490,,
Millbury,1860000,ELA,324,44,35,5,289,39,301,41,111,15,736,99,495,31,494
Millbury,1860000,MATH,241,33,24,3,217,29,373,51,123,17,737,99,491,38,496
Millbury,1860000,SCI,113,43,17,6,96,36,117,44,34,13,264,100,496,,
Millis,1870000,ELA,320,60,62,12,258,48,176,33,39,7,535,98,505,45,335
Millis,1870000,MATH,245,46,22,4,223,42,248,46,42,8,535,98,497,31,338
Millis,1870000,SCI,76,45,14,8,62,37,78,46,14,8,168,97,499,,
Milton,1890000,ELA,1334,65,266,13,1068,52,601,29,126,6,2061,98,507,37,1214
Milton,1890000,MATH,1044,51,147,7,897,44,830,40,188,9,2062,98,500,28,1216
Milton,1890000,SCI,382,62,73,12,309,50,191,31,41,7,614,97,506,,
Mohawk Trail,7170000,ELA,128,43,13,4,115,38,136,45,37,12,301,80,495,35,179
Mohawk Trail,7170000,MATH,69,23,4,1,65,22,163,55,66,22,298,79,486,22,177
Mohawk Trail,7170000,SCI,33,39,2,2,31,37,39,46,12,14,84,65,493,,
Monomoy Regional School District,7120000,ELA,436,51,67,8,369,43,327,39,86,10,849,93,501,36,520
Monomoy Regional School District,7120000,MATH,379,45,44,5,335,40,351,42,115,14,845,93,496,41,516
Monomoy Regional School District,7120000,SCI,147,51,20,7,127,44,116,40,24,8,287,87,501,,
Monson,1910000,ELA,176,44,23,6,153,39,162,41,59,15,397,98,496,30,250
Monson,1910000,MATH,75,19,1,0,74,19,224,56,98,25,397,98,483,23,248
Monson,1910000,SCI,51,43,4,3,47,40,52,44,15,13,118,99,495,,
Mount Greylock,7150000,ELA,328,69,69,14,259,54,116,24,32,7,476,98,508,42,295
Mount Greylock,7150000,MATH,262,55,48,10,214,45,176,37,38,8,476,98,503,39,296
Mount Greylock,7150000,SCI,83,54,15,10,68,44,57,37,14,9,154,97,502,,
Mystic Valley Regional Charter (District),4700000,ELA,502,65,114,15,388,50,245,32,26,3,773,99,508,46,484
Mystic Valley Regional Charter (District),4700000,MATH,439,57,73,9,366,48,287,37,44,6,770,99,504,44,480
Mystic Valley Regional Charter (District),4700000,SCI,104,48,10,5,94,43,97,44,17,8,218,99,497,,
Nahant,1960000,ELA,42,60,8,11,34,49,24,34,4,6,70,97,505,25,32
Nahant,1960000,MATH,28,40,5,7,23,33,33,47,9,13,70,97,496,31,32
Nahant,1960000,SCI,7,44,1,6,6,38,6,38,3,19,16,84,497,,
Nantucket,1970000,ELA,276,38,35,5,241,33,333,46,118,16,727,99,493,40,436
Nantucket,1970000,MATH,140,19,11,2,129,18,403,56,182,25,725,99,483,31,433
Nantucket,1970000,SCI,91,38,9,4,82,35,116,49,30,13,237,98,493,,
Narragansett,7200000,ELA,226,34,17,3,209,31,331,49,113,17,670,99,491,34,429
Narragansett,7200000,MATH,153,23,11,2,142,21,380,57,139,21,672,99,486,33,431
Narragansett,7200000,SCI,80,40,8,4,72,36,91,45,30,15,201,98,494,,
Nashoba,7250000,ELA,959,66,209,14,750,52,419,29,74,5,1452,99,508,39,946
Nashoba,7250000,MATH,770,53,104,7,666,46,586,40,98,7,1454,99,501,35,948
Nashoba,7250000,SCI,296,64,62,13,234,51,148,32,18,4,462,100,507,,
Natick,1980000,ELA,1614,65,349,14,1265,51,692,28,170,7,2476,99,507,43,1584
Natick,1980000,MATH,1336,54,232,9,1104,45,943,38,195,8,2474,99,502,38,1582
Natick,1980000,SCI,533,67,105,13,428,54,209,26,53,7,795,99,507,,
Nauset,6600000,ELA,236,47,36,7,200,39,208,41,63,12,507,88,499,33,453
Nauset,6600000,MATH,172,34,9,2,163,32,270,53,63,12,505,87,492,26,449
Nauset,6600000,SCI,55,37,11,7,44,30,79,54,13,9,147,79,495,,
Needham,1990000,ELA,1829,72,447,17,1382,54,602,24,125,5,2556,97,511,49,1567
Needham,1990000,MATH,1582,62,328,13,1254,49,780,31,192,8,2554,97,506,49,1565
Needham,1990000,SCI,526,62,134,16,392,47,271,32,45,5,842,97,507,,
Neighborhood House Charter (District),4440000,ELA,111,30,13,4,98,27,174,48,81,22,366,96,489,34,248
Neighborhood House Charter (District),4440000,MATH,67,18,2,1,65,18,197,53,106,29,370,97,482,33,253
Neighborhood House Charter (District),4440000,SCI,19,18,0,0,19,18,59,56,27,26,105,95,484,,
New Bedford,2010000,ELA,1710,29,169,3,1541,26,2660,45,1537,26,5907,94,487,28,3213
New Bedford,2010000,MATH,1017,17,89,2,928,16,2808,48,2066,35,5891,93,479,22,3199
New Bedford,2010000,SCI,319,20,25,2,294,18,779,48,512,32,1610,89,482,,
New Heights Charter School of Brockton (District),35130000,ELA,97,28,5,1,92,26,165,47,90,26,352,98,486,37,301
New Heights Charter School of Brockton (District),35130000,MATH,46,13,2,1,44,12,210,59,102,28,358,100,479,27,308
New Heights Charter School of Brockton (District),35130000,SCI,18,25,0,0,18,25,38,52,17,23,73,100,484,,
New Salem-Wendell,7280000,ELA,29,48,7,11,22,36,28,46,4,7,61,91,499,36,27
New Salem-Wendell,7280000,MATH,28,51,1,2,27,49,24,44,3,5,55,82,497,57,20
New Salem-Wendell,7280000,SCI,5,33,0,0,5,33,7,47,3,20,15,88,491,,
Newburyport,2040000,ELA,530,59,84,9,446,49,304,34,68,8,902,98,503,41,586
Newburyport,2040000,MATH,387,43,31,3,356,40,421,47,92,10,900,98,496,37,585
Newburyport,2040000,SCI,147,50,12,4,135,46,124,42,24,8,295,98,499,,
Newton,2070000,ELA,3797,70,932,17,2865,53,1303,24,292,5,5392,96,511,46,3345
Newton,2070000,MATH,3244,60,729,14,2515,47,1722,32,417,8,5383,96,505,41,3327
Newton,2070000,SCI,1053,65,261,16,792,49,464,28,115,7,1632,93,507,,
Norfolk,2080000,ELA,314,62,55,11,259,51,178,35,18,4,510,98,505,39,245
Norfolk,2080000,MATH,273,54,38,7,235,46,210,41,26,5,509,98,502,40,244
Norfolk,2080000,SCI,82,57,11,8,71,49,54,38,8,6,144,99,504,,
North Adams,2090000,ELA,149,28,16,3,133,25,246,46,142,26,537,95,486,25,319
North Adams,2090000,MATH,77,14,6,1,71,13,262,49,198,37,537,94,478,23,320
North Adams,2090000,SCI,33,22,4,3,29,20,68,46,46,31,147,89,483,,
North Andover,2110000,ELA,1105,53,187,9,918,44,770,37,218,10,2093,98,501,37,1316
North Andover,2110000,MATH,921,44,125,6,796,38,941,45,229,11,2091,98,497,31,1313
North Andover,2110000,SCI,302,47,38,6,264,41,277,43,69,11,648,97,498,,
North Attleborough,2120000,ELA,1115,58,189,10,926,48,674,35,135,7,1924,99,504,39,1220
North Attleborough,2120000,MATH,832,43,94,5,738,38,871,45,220,11,1923,99,496,31,1218
North Attleborough,2120000,SCI,399,58,88,13,311,45,233,34,52,8,684,99,505,,
North Brookfield,2150000,ELA,78,34,7,3,71,31,98,43,54,23,230,94,488,29,135
North Brookfield,2150000,MATH,45,20,1,0,44,19,123,54,61,27,229,93,482,22,132
North Brookfield,2150000,SCI,21,31,2,3,19,28,32,48,14,21,67,94,488,,
North Middlesex,7350000,ELA,734,52,116,8,618,44,533,38,151,11,1418,98,500,38,908
North Middlesex,7350000,MATH,465,33,28,2,437,31,702,50,250,18,1417,98,490,27,909
North Middlesex,7350000,SCI,205,45,28,6,177,39,200,44,51,11,456,98,497,,
North Reading,2170000,ELA,761,70,194,18,567,52,286,26,46,4,1093,99,510,44,705
North Reading,2170000,MATH,664,61,105,10,559,51,379,35,47,4,1090,99,505,37,703
North Reading,2170000,SCI,283,76,94,25,189,51,76,20,13,3,372,99,515,,
Northampton,2100000,ELA,433,48,57,6,376,42,322,36,151,17,906,78,496,28,487
Northampton,2100000,MATH,266,29,18,2,248,27,433,48,210,23,909,78,487,24,490
Northampton,2100000,SCI,124,49,16,6,108,43,92,37,35,14,251,76,498,,
Northborough,2130000,ELA,618,59,101,10,517,50,355,34,70,7,1043,98,504,33,657
Northborough,2130000,MATH,526,50,100,10,426,41,439,42,78,7,1043,98,501,34,658
Northborough,2130000,SCI,206,60,50,15,156,46,119,35,16,5,341,97,506,,
Northbridge,2140000,ELA,375,41,35,4,340,37,388,42,160,17,923,98,493,34,605
Northbridge,2140000,MATH,243,26,15,2,228,25,468,51,210,23,921,98,486,31,605
Northbridge,2140000,SCI,109,41,14,5,95,36,126,47,32,12,267,99,496,,
Norton,2180000,ELA,459,47,51,5,408,42,401,41,114,12,974,86,498,38,604
Norton,2180000,MATH,322,33,21,2,301,31,491,51,151,16,964,85,491,33,593
Norton,2180000,SCI,135,48,15,5,120,43,121,43,24,9,280,76,499,,
Norwell,2190000,ELA,682,67,151,15,531,52,294,29,42,4,1018,99,509,43,653
Norwell,2190000,MATH,583,57,69,7,514,51,385,38,48,5,1016,99,503,39,650
Norwell,2190000,SCI,235,68,46,13,189,54,103,30,10,3,348,99,507,,
Norwood,2200000,ELA,652,44,88,6,564,38,609,41,234,16,1495,98,495,31,859
Norwood,2200000,MATH,532,36,58,4,474,32,663,44,299,20,1494,98,491,27,852
Norwood,2200000,SCI,179,40,27,6,152,34,196,44,74,16,449,97,493,,
Oak Bluffs,2210000,ELA,137,49,17,6,120,43,119,42,25,9,281,100,500,37,172
Oak Bluffs,2210000,MATH,117,41,12,4,105,37,130,46,38,13,285,100,494,40,172
Oak Bluffs,2210000,SCI,54,52,8,8,46,44,41,39,9,9,104,100,501,,
Old Rochester,7400000,ELA,200,48,40,10,160,39,171,41,43,10,414,99,501,34,381
Old Rochester,7400000,MATH,145,35,14,3,131,32,230,56,39,9,414,99,494,21,380
Old Rochester,7400000,SCI,101,55,22,12,79,43,76,41,7,4,184,99,505,,
Old Sturbridge Academy Charter Public School (District),35150000,ELA,76,48,17,11,59,37,61,38,23,14,160,100,498,38,78
Old Sturbridge Academy Charter Public School (District),35150000,MATH,42,26,3,2,39,24,91,57,27,17,160,100,489,33,78
Old Sturbridge Academy Charter Public School (District),35150000,SCI,11,28,2,5,9,23,22,55,7,18,40,100,490,,
Orange,2230000,ELA,68,25,2,1,66,24,125,46,78,29,271,99,485,33,119
Orange,2230000,MATH,30,11,0,0,30,11,125,47,113,42,268,98,475,24,120
Orange,2230000,SCI,13,19,1,1,12,18,30,45,24,36,67,100,480,,
Orleans,2240000,ELA,77,75,16,16,61,60,22,22,3,3,102,99,512,56,35
Orleans,2240000,MATH,53,51,8,8,45,44,42,41,8,8,103,100,500,53,35
Orleans,2240000,SCI,27,71,5,13,22,58,8,21,3,8,38,100,507,,
Oxford,2260000,ELA,283,39,18,2,265,37,327,45,116,16,726,96,492,31,462
Oxford,2260000,MATH,182,25,14,2,168,23,379,52,165,23,726,96,486,30,461
Oxford,2260000,SCI,71,30,5,2,66,28,125,53,42,18,238,91,489,,
Palmer,2270000,ELA,199,33,23,4,176,29,284,47,119,20,602,97,490,32,351
Palmer,2270000,MATH,128,21,7,1,121,20,290,48,188,31,606,98,482,34,355
Palmer,2270000,SCI,40,27,5,3,35,24,58,40,48,33,146,94,484,,
Peabody,2290000,ELA,1007,37,102,4,905,33,1230,45,478,18,2715,98,492,33,1674
Peabody,2290000,MATH,730,27,56,2,674,25,1391,51,601,22,2722,98,486,32,1684
Peabody,2290000,SCI,300,37,25,3,275,34,374,46,146,18,820,98,492,,
Pelham,2300000,ELA,26,55,7,15,19,40,18,38,3,6,47,82,504,32,24
Pelham,2300000,MATH,22,49,3,7,19,42,16,36,7,16,45,79,496,33,23
Pelham,2300000,SCI,5,42,0,0,5,42,5,42,2,17,12,100,492,,
Pembroke,2310000,ELA,652,54,100,8,552,46,465,39,88,7,1205,98,502,33,807
Pembroke,2310000,MATH,589,49,65,5,524,43,511,42,105,9,1205,98,499,35,806
Pembroke,2310000,SCI,217,52,30,7,187,45,166,40,35,8,418,97,501,,
Pentucket,7450000,ELA,483,48,54,5,429,43,409,41,105,11,997,99,498,35,654
Pentucket,7450000,MATH,378,38,33,3,345,35,498,50,122,12,998,99,494,38,654
Pentucket,7450000,SCI,156,44,25,7,131,37,161,45,37,10,354,98,497,,
Petersham,2340000,ELA,29,48,4,7,25,41,24,39,8,13,61,94,499,50,32
Petersham,2340000,MATH,12,20,3,5,9,15,39,64,10,16,61,94,488,45,32
Petersham,2340000,SCI,9,56,2,13,7,44,7,44,0,0,16,100,507,,
Pioneer Charter School of Science (District),4940000,ELA,213,56,37,10,176,47,138,37,26,7,377,99,503,39,242
Pioneer Charter School of Science (District),4940000,MATH,178,47,34,9,144,38,165,44,33,9,376,99,499,37,242
Pioneer Charter School of Science (District),4940000,SCI,57,53,13,12,44,41,38,36,12,11,107,99,501,,
Pioneer Charter School of Science II (District),35060000,ELA,77,60,13,10,64,50,32,25,19,15,128,100,502,47,102
Pioneer Charter School of Science II (District),35060000,MATH,66,52,9,7,57,45,46,36,16,13,128,100,500,45,102
Pioneer Charter School of Science II (District),35060000,SCI,11,33,1,3,10,30,19,58,3,9,33,100,493,,
Pioneer Valley,7500000,ELA,130,42,13,4,117,38,132,43,44,14,306,95,494,37,186
Pioneer Valley,7500000,MATH,62,20,2,1,60,20,163,54,79,26,304,94,482,27,184
Pioneer Valley,7500000,SCI,43,43,6,6,37,37,47,47,9,9,99,97,499,,
Pioneer Valley Chinese Immersion Charter (District),4970000,ELA,188,64,31,11,157,54,85,29,20,7,293,96,506,43,185
Pioneer Valley Chinese Immersion Charter (District),4970000,MATH,124,42,26,9,98,33,126,43,43,15,293,96,496,41,185
Pioneer Valley Chinese Immersion Charter (District),4970000,SCI,52,57,13,14,39,43,34,37,5,5,91,95,505,,
Pioneer Valley Performing Arts Charter Public (District),4790000,ELA,54,44,4,3,50,40,58,47,12,10,124,88,496,32,93
Pioneer Valley Performing Arts Charter Public (District),4790000,MATH,22,18,1,1,21,17,75,60,28,22,125,89,484,18,95
Pioneer Valley Performing Arts Charter Public (District),4790000,SCI,17,36,0,0,17,36,24,51,6,13,47,94,493,,
Pittsfield,2360000,ELA,701,33,58,3,643,30,964,45,474,22,2139,95,489,29,1208
Pittsfield,2360000,MATH,372,18,21,1,351,17,1051,49,701,33,2124,95,480,22,1199
Pittsfield,2360000,SCI,172,27,12,2,160,25,315,49,155,24,642,95,486,,
Plainville,2380000,ELA,213,61,51,15,162,46,106,30,30,9,349,99,506,40,164
Plainville,2380000,MATH,152,44,26,7,126,36,167,48,30,9,349,99,498,41,164
Plainville,2380000,SCI,39,42,5,5,34,37,37,40,16,17,92,100,496,,
Plymouth,2390000,ELA,1570,51,310,10,1260,41,1129,36,395,13,3094,97,500,41,1914
Plymouth,2390000,MATH,1025,33,90,3,935,30,1564,51,495,16,3084,97,491,31,1900
Plymouth,2390000,SCI,378,37,43,4,335,33,482,48,152,15,1012,98,493,,
Plympton,2400000,ELA,73,66,13,12,60,54,33,30,5,5,111,97,507,37,57
Plympton,2400000,MATH,45,41,5,5,40,36,54,49,12,11,111,97,496,27,57
Plympton,2400000,SCI,25,64,2,5,23,59,12,31,2,5,39,100,503,,
Prospect Hill Academy Charter (District),4870000,ELA,188,37,17,3,171,34,235,46,86,17,509,93,492,33,305
Prospect Hill Academy Charter (District),4870000,MATH,85,17,8,2,77,15,272,53,155,30,512,93,480,20,308
Prospect Hill Academy Charter (District),4870000,SCI,17,16,0,0,17,16,57,53,33,31,107,82,479,,
Provincetown,2420000,ELA,36,42,8,9,28,33,43,51,6,7,85,100,497,35,49
Provincetown,2420000,MATH,16,19,2,2,14,16,42,49,27,32,85,100,481,23,50
Provincetown,2420000,SCI,7,29,2,8,5,21,17,71,0,0,24,100,493,,
Quabbin,7530000,ELA,416,43,64,7,352,37,401,42,144,15,961,98,496,34,600
Quabbin,7530000,MATH,357,37,26,3,331,34,465,48,145,15,967,98,492,34,604
Quabbin,7530000,SCI,121,42,11,4,110,38,139,48,31,11,291,97,495,,
Quaboag Regional,7780000,ELA,252,47,36,7,216,40,217,41,65,12,534,98,498,44,344
Quaboag Regional,7780000,MATH,148,28,6,1,142,27,294,55,90,17,532,97,488,29,340
Quaboag Regional,7780000,SCI,60,36,10,6,50,30,79,47,28,17,167,97,492,,
Quincy,2430000,ELA,1957,47,375,9,1582,38,1557,38,612,15,4126,99,498,32,2385
Quincy,2430000,MATH,1485,36,266,6,1219,30,1814,44,829,20,4128,99,492,30,2389
Quincy,2430000,SCI,469,43,98,9,371,34,446,41,180,16,1095,97,497,,
Ralph C Mahar,7550000,ELA,69,28,2,1,67,27,113,46,65,26,247,96,486,39,225
Ralph C Mahar,7550000,MATH,49,20,1,0,48,19,128,52,70,28,247,96,481,34,224
Ralph C Mahar,7550000,SCI,39,45,3,3,36,41,35,40,13,15,87,95,494,,
Randolph,2440000,ELA,432,33,56,4,376,29,599,46,271,21,1302,97,491,38,731
Randolph,2440000,MATH,311,24,27,2,284,22,609,47,379,29,1299,97,484,31,732
Randolph,2440000,SCI,122,33,12,3,110,30,171,47,74,20,367,96,490,,
Reading,2460000,ELA,1119,64,241,14,878,50,517,30,103,6,1739,98,507,42,1138
Reading,2460000,MATH,853,49,126,7,727,42,705,40,184,11,1742,98,498,32,1141
Reading,2460000,SCI,350,60,84,14,266,46,188,32,44,8,582,96,505,,
Revere,2480000,ELA,1177,35,135,4,1042,31,1504,44,716,21,3397,99,490,30,2034
Revere,2480000,MATH,583,17,23,1,560,16,1720,51,1091,32,3394,99,480,18,2031
Revere,2480000,SCI,256,27,21,2,235,25,426,46,252,27,934,98,486,,
Richmond,2490000,ELA,54,61,7,8,47,53,29,33,5,6,88,91,502,43,56
Richmond,2490000,MATH,31,35,2,2,29,33,46,52,11,13,88,91,493,38,56
Richmond,2490000,SCI,19,61,3,10,16,52,10,32,2,6,31,91,504,,
Rising Tide Charter Public (District),4830000,ELA,203,59,32,9,171,49,112,32,32,9,347,97,503,41,300
Rising Tide Charter Public (District),4830000,MATH,127,36,10,3,117,34,189,54,32,9,348,98,494,29,300
Rising Tide Charter Public (District),4830000,SCI,96,57,16,9,80,47,61,36,12,7,169,98,503,,
River Valley Charter (District),4820000,ELA,120,63,18,10,102,54,57,30,12,6,189,99,505,49,112
River Valley Charter (District),4820000,MATH,75,40,5,3,70,37,92,49,22,12,189,99,495,53,112
River Valley Charter (District),4820000,SCI,31,54,5,9,26,46,23,40,3,5,57,98,501,,
Rochester,2500000,ELA,164,56,25,9,139,47,106,36,23,8,293,100,501,40,143
Rochester,2500000,MATH,129,44,14,5,115,39,143,49,21,7,293,100,498,50,143
Rochester,2500000,SCI,51,60,13,15,38,45,31,36,3,4,85,100,507,,
Rockland,2510000,ELA,489,45,75,7,414,38,424,39,182,17,1095,99,496,37,677
Rockland,2510000,MATH,324,30,20,2,304,28,542,50,225,21,1091,99,488,27,671
Rockland,2510000,SCI,129,37,21,6,108,31,151,43,68,20,348,97,492,,
Rockport,2520000,ELA,179,48,16,4,163,44,160,43,31,8,370,97,499,37,238
Rockport,2520000,MATH,106,29,12,3,94,25,189,51,74,20,369,97,489,31,237
Rockport,2520000,SCI,51,40,12,9,39,30,63,49,15,12,129,98,498,,
Rowe,2530000,ELA,18,51,0,0,18,51,11,31,6,17,35,88,492,,13
Rowe,2530000,MATH,6,17,0,0,6,17,18,51,11,31,35,88,480,,13
Roxbury Preparatory Charter (District),4840000,ELA,226,25,24,3,202,22,421,46,275,30,922,98,484,31,770
Roxbury Preparatory Charter (District),4840000,MATH,86,9,4,0,82,9,539,58,302,33,927,98,478,22,776
Roxbury Preparatory Charter (District),4840000,SCI,48,18,3,1,45,16,136,50,90,33,274,98,480,,
Salem,2580000,ELA,547,34,60,4,487,31,697,44,350,22,1594,88,490,32,876
Salem,2580000,MATH,262,16,20,1,242,15,774,49,556,35,1592,88,479,25,868
Salem,2580000,SCI,141,30,14,3,127,27,218,46,117,25,476,85,487,,
Salem Academy Charter (District),4850000,ELA,104,48,14,7,90,42,80,37,31,14,215,100,497,39,206
Salem Academy Charter (District),4850000,MATH,68,32,8,4,60,28,116,54,31,14,215,100,492,38,206
Salem Academy Charter (District),4850000,SCI,33,62,7,13,26,49,15,28,5,9,53,100,504,,
Sandwich,2610000,ELA,571,50,98,9,473,41,452,40,121,11,1144,98,500,40,719
Sandwich,2610000,MATH,432,38,36,3,396,35,575,50,135,12,1142,98,494,35,723
Sandwich,2610000,SCI,198,50,38,10,160,41,152,39,44,11,394,97,500,,
Saugus,2620000,ELA,527,43,68,6,459,38,528,43,166,14,1221,99,495,32,726
Saugus,2620000,MATH,314,26,27,2,287,24,650,53,252,21,1216,99,487,24,723
Saugus,2620000,SCI,140,38,16,4,124,34,172,47,56,15,368,98,493,,
Savoy,2630000,ELA,9,31,1,3,8,28,17,59,3,10,29,100,492,,13
Savoy,2630000,MATH,8,28,0,0,8,28,17,59,4,14,29,100,487,,13
Scituate,2640000,ELA,789,64,160,13,629,51,372,30,66,5,1227,98,507,36,790
Scituate,2640000,MATH,712,58,92,7,620,51,426,35,89,7,1227,98,503,38,789
Scituate,2640000,SCI,269,64,49,12,220,52,127,30,24,6,420,98,506,,
Seekonk,2650000,ELA,586,61,102,11,484,50,299,31,75,8,960,99,504,44,572
Seekonk,2650000,MATH,441,46,42,4,399,42,415,43,102,11,958,99,497,34,571
Seekonk,2650000,SCI,190,58,28,9,162,49,106,32,33,10,329,99,502,,
Sharon,2660000,ELA,1119,70,257,16,862,54,417,26,67,4,1603,97,510,39,1022
Sharon,2660000,MATH,1009,63,267,17,742,46,478,30,112,7,1599,97,508,37,1020
Sharon,2660000,SCI,282,60,78,17,204,44,153,33,32,7,467,96,506,,
Sherborn,2690000,ELA,133,69,26,14,107,56,52,27,7,4,192,98,509,42,59
Sherborn,2690000,MATH,123,64,15,8,108,56,62,32,7,4,192,98,505,53,59
Sherborn,2690000,SCI,38,59,5,8,33,52,24,38,2,3,64,98,505,,
Shrewsbury,2710000,ELA,1861,65,415,15,1446,51,786,28,196,7,2843,99,508,35,1763
Shrewsbury,2710000,MATH,1692,60,385,14,1307,46,923,32,228,8,2843,99,505,35,1762
Shrewsbury,2710000,SCI,495,60,121,15,374,45,278,34,54,7,827,99,506,,
Shutesbury,2720000,ELA,38,62,6,10,32,52,14,23,9,15,61,95,502,40,33
Shutesbury,2720000,MATH,21,34,3,5,18,30,24,39,16,26,61,95,488,39,33
Shutesbury,2720000,SCI,8,62,1,8,7,54,4,31,1,8,13,100,506,,
Silver Lake,7600000,ELA,222,44,15,3,207,41,210,41,75,15,507,98,494,33,486
Silver Lake,7600000,MATH,203,40,16,3,187,37,250,49,54,11,507,98,494,31,485
Silver Lake,7600000,SCI,99,44,11,5,88,39,104,46,24,11,227,98,496,,
Sizer School: A North Central Charter Essential (District),4740000,ELA,45,33,8,6,37,27,62,46,28,21,135,94,491,34,106
Sizer School: A North Central Charter Essential (District),4740000,MATH,14,10,0,0,14,10,75,55,47,35,136,94,477,21,108
Sizer School: A North Central Charter Essential (District),4740000,SCI,15,36,3,7,12,29,20,48,7,17,42,88,493,,
Somerset,2730000,ELA,558,50,61,5,497,44,448,40,112,10,1118,97,499,36,710
Somerset,2730000,MATH,337,30,18,2,319,29,614,55,167,15,1118,97,490,32,709
Somerset,2730000,SCI,137,43,12,4,125,40,150,47,29,9,316,94,497,,
Somerville,2740000,ELA,781,41,165,9,616,33,722,38,387,20,1890,94,494,34,1116
Somerville,2740000,MATH,446,24,50,3,396,21,792,42,643,34,1881,93,482,22,1113
Somerville,2740000,SCI,202,34,36,6,166,28,244,41,148,25,594,90,490,,
South Hadley,2780000,ELA,319,42,35,5,284,38,293,39,141,19,753,91,493,32,432
South Hadley,2780000,MATH,185,25,23,3,162,22,367,49,201,27,753,91,485,23,433
South Hadley,2780000,SCI,95,42,14,6,81,36,95,42,35,16,225,85,495,,
South Shore Charter Public (District),4880000,ELA,231,49,28,6,203,43,195,41,46,10,472,97,498,39,295
South Shore Charter Public (District),4880000,MATH,101,21,11,2,90,19,283,60,86,18,470,97,486,32,295
South Shore Charter Public (District),4880000,SCI,59,45,6,5,53,40,51,39,21,16,131,98,496,,
Southampton,2750000,ELA,126,53,9,4,117,49,87,36,26,11,239,99,499,47,104
Southampton,2750000,MATH,72,30,8,3,64,27,124,52,44,18,240,99,489,52,104
Southampton,2750000,SCI,43,74,4,7,39,67,12,21,3,5,58,100,507,,
Southborough,2760000,ELA,559,73,167,22,392,51,178,23,26,3,763,99,514,38,473
Southborough,2760000,MATH,551,72,154,20,397,52,188,25,25,3,764,99,513,36,475
Southborough,2760000,SCI,188,74,56,22,132,52,55,22,10,4,253,99,514,,
Southbridge,2770000,ELA,145,17,6,1,139,16,378,44,343,40,866,98,477,28,465
Southbridge,2770000,MATH,44,5,1,0,43,5,357,41,464,54,865,98,469,27,467
Southbridge,2770000,SCI,23,10,0,0,23,10,119,51,93,40,235,97,476,,
Southern Berkshire,7650000,ELA,98,39,9,4,89,36,115,46,36,14,249,94,493,35,149
Southern Berkshire,7650000,MATH,45,18,5,2,40,16,138,55,66,27,249,94,483,21,148
Southern Berkshire,7650000,SCI,33,37,4,4,29,33,44,49,12,13,89,95,494,,
Southwick-Tolland-Granville Regional School District,7660000,ELA,278,44,39,6,239,38,280,45,70,11,628,94,497,41,419
Southwick-Tolland-Granville Regional School District,7660000,MATH,201,32,15,2,186,30,338,54,83,13,622,93,491,41,415
Southwick-Tolland-Granville Regional School District,7660000,SCI,65,36,6,3,59,33,98,54,18,10,181,90,495,,
Spencer-E Brookfield,7670000,ELA,240,35,22,3,218,32,319,46,132,19,691,99,490,38,411
Spencer-E Brookfield,7670000,MATH,95,14,4,1,91,13,399,58,199,29,693,99,479,27,410
Spencer-E Brookfield,7670000,SCI,57,29,2,1,55,28,108,54,35,18,200,100,490,,
Springfield,2810000,ELA,2245,24,241,3,2004,21,4154,44,3045,32,9444,92,483,23,5188
Springfield,2810000,MATH,1075,11,79,1,996,10,4409,46,4048,42,9532,92,475,23,5275
Springfield,2810000,SCI,389,18,37,2,352,16,991,45,826,37,2206,90,480,,
Springfield International Charter (District),4410000,ELA,223,30,19,3,204,27,363,49,159,21,745,89,489,29,457
Springfield International Charter (District),4410000,MATH,105,14,6,1,99,13,403,52,262,34,770,92,478,27,464
Springfield International Charter (District),4410000,SCI,41,23,6,3,35,20,89,51,45,26,175,88,485,,
Springfield Preparatory Charter School (District),35100000,ELA,97,46,13,6,84,39,90,42,26,12,213,100,497,30,102
Springfield Preparatory Charter School (District),35100000,MATH,48,22,5,2,43,20,120,56,46,21,214,100,486,11,102
Springfield Preparatory Charter School (District),35100000,SCI,22,41,1,2,21,39,25,46,7,13,54,100,493,,
Stoneham,2840000,ELA,580,55,113,11,467,44,355,34,116,11,1051,99,502,35,653
Stoneham,2840000,MATH,419,40,67,6,352,33,497,47,138,13,1054,99,495,30,655
Stoneham,2840000,SCI,170,52,37,11,133,41,128,39,28,9,326,99,502,,
Stoughton,2850000,ELA,638,41,70,5,568,37,697,45,207,13,1542,98,495,32,967
Stoughton,2850000,MATH,436,28,31,2,405,26,815,53,292,19,1543,98,488,28,968
Stoughton,2850000,SCI,181,37,23,5,158,33,212,44,91,19,484,97,493,,
Sturbridge,2870000,ELA,290,63,51,11,239,52,143,31,26,6,459,98,506,46,211
Sturbridge,2870000,MATH,214,47,22,5,192,42,189,41,54,12,457,98,498,39,211
Sturbridge,2870000,SCI,60,53,9,8,51,45,44,39,10,9,114,98,503,,
Sudbury,2880000,ELA,1251,73,330,19,921,54,397,23,72,4,1720,98,513,47,1107
Sudbury,2880000,MATH,1146,67,252,15,894,52,480,28,96,6,1722,98,508,40,1108
Sudbury,2880000,SCI,396,67,98,17,298,51,176,30,15,3,587,97,510,,
Sunderland,2890000,ELA,48,51,12,13,36,38,32,34,14,15,94,91,499,39,34
Sunderland,2890000,MATH,25,27,5,5,20,22,45,49,22,24,92,89,488,26,34
Sunderland,2890000,SCI,14,48,0,0,14,48,11,38,4,14,29,81,498,,
Sutton,2900000,ELA,290,54,32,6,258,48,201,38,43,8,534,89,500,38,357
Sutton,2900000,MATH,171,32,14,3,157,30,295,56,65,12,531,88,492,31,355
Sutton,2900000,SCI,97,49,19,10,78,39,89,45,12,6,198,87,501,,
Swampscott,2910000,ELA,498,57,84,10,414,48,296,34,76,9,870,92,503,38,563
Swampscott,2910000,MATH,354,41,36,4,318,37,405,47,110,13,869,92,495,30,562
Swampscott,2910000,SCI,159,52,26,9,133,44,118,39,27,9,304,90,501,,
Swansea,2920000,ELA,491,52,68,7,423,45,373,39,84,9,948,94,500,36,590
Swansea,2920000,MATH,344,36,25,3,319,34,472,50,128,14,944,94,492,31,585
Swansea,2920000,SCI,163,52,20,6,143,46,118,38,31,10,312,94,500,,
TEC Connections Academy Commonwealth Virtual School District,39020000,ELA,387,45,48,6,339,40,323,38,143,17,853,86,496,32,505
TEC Connections Academy Commonwealth Virtual School District,39020000,MATH,287,34,39,5,248,29,390,46,174,20,851,86,490,34,504
TEC Connections Academy Commonwealth Virtual School District,39020000,SCI,64,64,17,17,47,47,25,25,11,11,100,62,508,,
Tantasqua,7700000,ELA,279,50,36,6,243,44,224,40,52,9,555,96,500,39,527
Tantasqua,7700000,MATH,261,47,34,6,227,41,243,44,52,9,556,96,500,34,527
Tantasqua,7700000,SCI,144,53,36,13,108,39,114,42,16,6,274,96,503,,
Taunton,2930000,ELA,1257,34,162,4,1095,30,1649,45,791,21,3697,97,490,32,2297
Taunton,2930000,MATH,626,17,35,1,591,16,1916,52,1167,31,3709,97,480,23,2306
Taunton,2930000,SCI,246,25,20,2,226,23,497,50,248,25,991,92,485,,
Tewksbury,2950000,ELA,836,56,149,10,687,46,528,35,136,9,1500,99,502,44,929
Tewksbury,2950000,MATH,578,38,51,3,527,35,713,47,211,14,1502,99,493,31,928
Tewksbury,2950000,SCI,219,49,23,5,196,44,184,41,45,10,448,98,499,,
Tisbury,2960000,ELA,96,55,18,10,78,45,62,36,15,9,173,97,502,38,92
Tisbury,2960000,MATH,81,46,6,3,75,43,81,46,13,7,175,98,498,35,92
Tisbury,2960000,SCI,27,44,5,8,22,36,27,44,7,11,61,98,499,,
Topsfield,2980000,ELA,201,59,31,9,170,50,115,34,22,7,338,99,503,36,161
Topsfield,2980000,MATH,115,34,7,2,108,32,178,53,45,13,338,99,491,22,160
Topsfield,2980000,SCI,59,72,12,15,47,57,21,26,2,2,82,100,510,,
Triton,7730000,ELA,480,47,71,7,409,40,424,42,109,11,1013,98,498,38,640
Triton,7730000,MATH,310,31,26,3,284,28,554,55,151,15,1015,98,491,37,643
Triton,7730000,SCI,154,45,16,5,138,41,146,43,39,12,339,98,496,,
Truro,3000000,ELA,33,67,2,4,31,63,16,33,0,0,49,98,505,,17
Truro,3000000,MATH,23,47,4,8,19,39,20,41,6,12,49,98,494,,18
Truro,3000000,SCI,14,74,2,11,12,63,5,26,0,0,19,100,509,,
Tyngsborough,3010000,ELA,374,49,40,5,334,44,323,42,70,9,767,99,499,34,475
Tyngsborough,3010000,MATH,275,36,29,4,246,32,399,52,92,12,766,98,494,34,477
Tyngsborough,3010000,SCI,103,44,15,6,88,37,109,46,24,10,236,98,496,,
UP Academy Charter School of Boston (District),4800000,ELA,51,16,2,1,49,15,132,40,143,44,326,93,476,29,296
UP Academy Charter School of Boston (District),4800000,MATH,39,12,1,0,38,12,137,43,144,45,320,91,476,29,284
UP Academy Charter School of Boston (District),4800000,SCI,2,3,0,0,2,3,29,50,27,47,58,91,473,,
UP Academy Charter School of Dorchester (District),35050000,ELA,54,13,3,1,51,12,205,49,160,38,419,98,476,22,263
UP Academy Charter School of Dorchester (District),35050000,MATH,18,4,0,0,18,4,175,42,220,53,413,97,468,24,256
UP Academy Charter School of Dorchester (District),35050000,SCI,6,5,0,0,6,5,52,46,54,48,112,97,472,,
Up-Island Regional,7740000,ELA,137,52,18,7,119,45,103,39,25,9,265,99,500,31,161
Up-Island Regional,7740000,MATH,105,40,11,4,94,35,121,46,39,15,265,99,494,39,162
Up-Island Regional,7740000,SCI,50,60,9,11,41,49,25,30,9,11,84,98,501,,
Uxbridge,3040000,ELA,361,49,41,6,320,44,294,40,78,11,733,97,497,41,466
Uxbridge,3040000,MATH,247,34,19,3,228,31,366,50,118,16,731,96,490,31,466
Uxbridge,3040000,SCI,106,42,17,7,89,35,120,48,26,10,252,98,497,,
Veritas Preparatory Charter School (District),4980000,ELA,122,31,18,5,104,26,170,43,107,27,399,99,488,27,355
Veritas Preparatory Charter School (District),4980000,MATH,92,23,9,2,83,21,202,51,101,26,395,98,484,28,352
Veritas Preparatory Charter School (District),4980000,SCI,38,28,3,2,35,26,59,43,39,29,136,96,484,,
Wachusett,7750000,ELA,1760,57,271,9,1489,48,1115,36,228,7,3103,97,503,36,2010
Wachusett,7750000,MATH,1308,42,132,4,1176,38,1468,47,319,10,3095,96,496,31,2010
Wachusett,7750000,SCI,561,55,95,9,466,46,391,38,71,7,1023,96,503,,
Wakefield,3050000,ELA,818,53,103,7,715,46,574,37,151,10,1543,97,500,36,974
Wakefield,3050000,MATH,608,39,59,4,549,36,759,49,179,12,1546,97,494,28,977
Wakefield,3050000,SCI,262,54,45,9,217,45,184,38,40,8,486,96,502,,
Wales,3060000,ELA,37,58,2,3,35,55,25,39,2,3,64,96,502,37,35
Wales,3060000,MATH,28,44,1,2,27,42,30,47,6,9,64,96,494,49,35
Wales,3060000,SCI,11,48,0,0,11,48,10,43,2,9,23,96,495,,
Walpole,3070000,ELA,1019,62,170,10,849,52,483,30,135,8,1637,99,505,36,1034
Walpole,3070000,MATH,949,58,162,10,787,48,564,34,125,8,1638,99,503,36,1034
Walpole,3070000,SCI,289,56,69,13,220,43,189,37,37,7,515,99,504,,
Waltham,3080000,ELA,1008,42,195,8,813,34,978,41,427,18,2413,98,495,42,1356
Waltham,3080000,MATH,726,30,79,3,647,27,1080,45,599,25,2405,98,487,34,1351
Waltham,3080000,SCI,221,30,36,5,185,25,313,43,195,27,729,97,487,,
Ware,3090000,ELA,186,34,8,1,178,33,250,46,109,20,545,98,490,36,361
Ware,3090000,MATH,99,18,2,0,97,18,273,50,171,31,543,97,480,31,358
Ware,3090000,SCI,70,36,10,5,60,31,87,45,38,19,195,96,491,,
Wareham,3100000,ELA,310,31,25,3,285,29,471,48,210,21,991,98,490,33,609
Wareham,3100000,MATH,146,15,7,1,139,14,506,51,339,34,991,98,479,27,607
Wareham,3100000,SCI,74,28,9,3,65,24,137,51,58,22,269,98,489,,
Watertown,3140000,ELA,502,46,92,8,410,37,441,40,152,14,1095,97,497,40,643
Watertown,3140000,MATH,334,31,36,3,298,27,546,50,215,20,1095,97,489,34,644
Watertown,3140000,SCI,171,47,36,10,135,37,143,40,47,13,361,99,498,,
Wayland,3150000,ELA,910,73,207,17,703,57,293,24,36,3,1239,96,511,44,744
Wayland,3150000,MATH,809,66,177,14,632,51,365,30,60,5,1234,96,508,37,740
Wayland,3150000,SCI,296,76,80,21,216,56,79,20,12,3,387,93,513,,
Webster,3160000,ELA,216,27,17,2,199,24,399,49,199,24,814,95,486,30,467
Webster,3160000,MATH,108,14,7,1,101,13,382,49,297,38,787,92,477,23,447
Webster,3160000,SCI,65,25,5,2,60,23,129,50,65,25,259,89,485,,
Wellesley,3170000,ELA,1535,75,450,22,1085,53,429,21,86,4,2050,98,514,44,1265
Wellesley,3170000,MATH,1266,62,265,13,1001,49,656,32,129,6,2051,98,506,34,1262
Wellesley,3170000,SCI,453,69,124,19,329,50,183,28,20,3,656,99,510,,
Wellfleet,3180000,ELA,23,49,4,9,19,40,17,36,7,15,47,96,504,,10
Wellfleet,3180000,MATH,23,49,1,2,22,47,18,38,6,13,47,96,499,,10
Wellfleet,3180000,SCI,5,38,1,8,4,31,5,38,3,23,13,87,499,,
West Boylston,3220000,ELA,228,58,42,11,186,47,132,34,32,8,392,96,504,41,246
West Boylston,3220000,MATH,197,50,25,6,172,44,148,38,47,12,392,96,498,36,245
West Boylston,3220000,SCI,63,53,12,10,51,43,45,38,10,8,118,92,502,,
West Bridgewater,3230000,ELA,291,51,37,6,254,44,226,39,59,10,576,93,499,36,375
West Bridgewater,3230000,MATH,139,24,17,3,122,21,331,58,103,18,573,93,487,21,372
West Bridgewater,3230000,SCI,78,40,9,5,69,35,91,47,26,13,195,93,494,,
West Springfield,3320000,ELA,710,41,100,6,610,35,740,43,279,16,1729,97,494,37,1046
West Springfield,3320000,MATH,472,27,50,3,422,24,847,49,407,24,1726,97,487,27,1044
West Springfield,3320000,SCI,188,36,24,5,164,31,226,43,107,21,521,95,492,,
Westborough,3210000,ELA,1252,72,346,20,906,52,387,22,93,5,1732,97,512,53,1026
Westborough,3210000,MATH,1085,63,276,16,809,47,526,30,117,7,1728,97,507,45,1029
Westborough,3210000,SCI,329,62,74,14,255,48,161,30,39,7,529,97,506,,
Westfield,3250000,ELA,839,42,114,6,725,37,801,40,341,17,1981,92,494,35,1252
Westfield,3250000,MATH,535,27,35,2,500,25,969,49,471,24,1975,92,486,25,1251
Westfield,3250000,SCI,235,37,30,5,205,32,289,45,114,18,638,91,492,,
Westford,3260000,ELA,1565,73,362,17,1203,56,497,23,93,4,2155,98,511,47,1405
Westford,3260000,MATH,1403,65,338,16,1065,49,649,30,101,5,2153,98,508,39,1401
Westford,3260000,SCI,490,69,125,17,365,51,199,28,26,4,715,98,510,,
Westhampton,3270000,ELA,41,63,9,14,32,49,23,35,1,2,65,97,507,48,36
Westhampton,3270000,MATH,36,55,8,12,28,43,24,37,5,8,65,97,503,45,36
Westhampton,3270000,SCI,9,56,2,13,7,44,7,44,0,0,16,94,506,,
Weston,3300000,ELA,648,76,214,25,434,51,178,21,23,3,849,98,515,45,542
Weston,3300000,MATH,587,69,153,18,434,51,219,26,44,5,850,98,510,40,541
Weston,3300000,SCI,219,73,89,30,130,44,70,23,9,3,298,99,516,,
Westport,3310000,ELA,302,45,25,4,277,41,278,41,90,13,670,96,496,33,429
Westport,3310000,MATH,254,37,10,1,244,36,332,49,93,14,679,97,492,30,436
Westport,3310000,SCI,107,50,18,8,89,41,81,38,27,13,215,96,500,,
Westwood,3350000,ELA,991,75,330,25,661,50,271,21,54,4,1316,99,515,44,852
Westwood,3350000,MATH,809,62,171,13,638,49,425,32,80,6,1314,99,506,31,850
Westwood,3350000,SCI,295,70,73,17,222,52,111,26,17,4,423,100,511,,
Weymouth,3360000,ELA,1049,42,146,6,903,37,1012,41,408,17,2469,99,494,31,1537
Weymouth,3360000,MATH,738,30,88,4,650,26,1230,50,499,20,2467,99,489,29,1533
Weymouth,3360000,SCI,255,35,27,4,228,31,341,47,132,18,728,98,492,,
Whately,3370000,ELA,33,63,13,25,20,38,16,31,3,6,52,98,508,51,25
Whately,3370000,MATH,25,47,3,6,22,42,21,40,7,13,53,100,497,31,25
Whately,3370000,SCI,6,60,2,20,4,40,4,40,0,0,10,91,508,,
Whitman-Hanson,7800000,ELA,803,49,131,8,672,41,667,40,179,11,1649,96,499,36,1077
Whitman-Hanson,7800000,MATH,529,32,31,2,498,30,849,51,277,17,1655,97,490,32,1080
Whitman-Hanson,7800000,SCI,250,43,34,6,216,37,255,44,77,13,582,97,496,,
Williamsburg,3400000,ELA,45,70,11,17,34,53,15,23,4,6,64,89,511,53,34
Williamsburg,3400000,MATH,29,45,4,6,25,38,29,45,7,11,65,90,498,33,35
Williamsburg,3400000,SCI,11,52,0,0,11,52,8,38,2,10,21,81,499,,
Wilmington,3420000,ELA,755,56,87,6,668,50,477,35,114,8,1346,93,501,35,870
Wilmington,3420000,MATH,622,46,74,5,548,41,600,45,126,9,1348,93,498,31,874
Wilmington,3420000,SCI,220,50,36,8,184,42,185,42,36,8,441,93,500,,
Winchendon,3430000,ELA,182,33,16,3,166,30,282,51,92,17,556,96,491,40,319
Winchendon,3430000,MATH,72,13,3,1,69,12,310,56,171,31,553,96,480,32,319
Winchendon,3430000,SCI,54,31,2,1,52,30,90,52,29,17,173,97,491,,
Winchester,3440000,ELA,1478,73,318,16,1160,57,481,24,72,4,2031,95,511,37,1256
Winchester,3440000,MATH,1220,61,258,13,962,48,681,34,108,5,2009,94,506,30,1240
Winchester,3440000,SCI,454,73,133,21,321,52,155,25,12,2,621,94,513,,
Winthrop,3460000,ELA,379,46,43,5,336,40,352,42,99,12,830,98,496,31,531
Winthrop,3460000,MATH,218,26,21,3,197,24,455,55,159,19,832,99,488,25,535
Winthrop,3460000,SCI,86,33,12,5,74,29,133,52,38,15,257,99,493,,
Woburn,3470000,ELA,888,46,125,7,763,40,782,41,249,13,1919,97,497,36,1179
Woburn,3470000,MATH,640,33,66,3,574,30,942,49,336,18,1918,97,491,33,1178
Woburn,3470000,SCI,252,40,36,6,216,34,285,45,100,16,637,96,494,,
Worcester,3480000,ELA,2743,28,393,4,2350,24,4182,43,2785,29,9710,92,486,30,5507
Worcester,3480000,MATH,1478,15,137,1,1341,14,4343,45,3873,40,9694,92,477,25,5493
Worcester,3480000,SCI,550,21,52,2,498,19,1152,45,868,34,2570,87,482,,
Worthington,3490000,ELA,21,60,0,0,21,60,8,23,6,17,35,100,495,,13
Worthington,3490000,MATH,10,29,0,0,10,29,18,51,7,20,35,100,485,,13
Wrentham,3500000,ELA,317,61,59,11,258,50,162,31,38,7,517,100,505,35,239
Wrentham,3500000,MATH,195,38,14,3,181,35,249,48,73,14,517,100,492,24,239
Wrentham,3500000,SCI,71,58,14,11,57,47,40,33,11,9,122,100,505,,
State,0,ELA,182190,46,31541,8,150649,38,149728,38,63826,16,395744,95,497,36,245966
State,0,MATH,132105,33,18518,5,113587,29,176477,45,86908,22,395490,95,490,30,245839
State,0,SCI,49372,42,8668,7,40704,34,48191,41,20446,17,118009,94,495,,